﻿<?xml version="1.0"?>
<doc>
<assembly>
<name>
PVZClass
</name>
</assembly>
<members>
<member name="T:PVZClass.My.Resources.Resources">
<summary>
  一个强类型的资源类，用于查找本地化的字符串等。
</summary>
</member>
<member name="P:PVZClass.My.Resources.Resources.ResourceManager">
<summary>
  返回此类使用的缓存的 ResourceManager 实例。
</summary>
</member>
<member name="P:PVZClass.My.Resources.Resources.Culture">
<summary>
  重写当前线程的 CurrentUICulture 属性
  重写当前线程的 CurrentUICulture 属性。
</summary>
</member>
<member name="T:PVZClass.PVZ">
 <summary>
 此类不可实例化,想修改游戏必须先调用<see cref="M:PVZClass.PVZ.RunGame"/>,所有设计时间/倒计时的数值单位均为<see langword="厘秒"/><para/>
 当前仍然是测试版本，有很多代码在实际应用中并没有作用，甚至影响效率，请酌情删改<para/>
将一些类的<see langword="BaseAddress"/>属性初始化在<see langword="New"/>过程里,并删除以下代码，可以避免每次调用都重新读取，提高效率<para/>
<see langword="Public Shared ReadOnly Property"/> BaseAddress <see langword="As Integer"/><para/>
<see langword="      Get"/><para/>
<see langword="              Return "/><see cref="M:PVZClass.PVZ.Memory.GetAddress(System.Int32,System.Int32)"/><para/>
<see langword="      End Get"/><para/>
<see langword="End Property"/><para/>
如果你不需要运行游戏中某个这个功能，请重写<see cref="M:PVZClass.PVZ.RunGame"/>方法并删除相关属性<para/>
请务必在程序退出时调用<see cref="M:PVZClass.PVZ.CloseGame(System.Boolean)"/>方法，以便处理遗留问题<para/>
想使用某些方法，请先调用<see cref="M:PVZClass.PVZ.InitFunctions"/>方法<para/>
<see cref="M:PVZClass.PVZ.Memory.CreateThreadNoWait(System.Int32)"/>方法效率高但可能不稳定，在功能上和<see cref="M:PVZClass.PVZ.Memory.CreateThread(System.Int32)"/>完全一样<para/>
使用事件循环可以大幅提高效率(不会写的可以找我帮忙),并且直到游戏关闭或执行<see langword="Stop"/>方法时一直有效
 </summary>
</member>
<member name="M:PVZClass.PVZ.CreateRemoteThread(System.Int32,System.Int32,System.Int32,System.Int32,System.Int32,System.Int32,System.Int32@)">
 <summary>
 在指定地址创建线程,并返回线程句柄
 </summary>
 <returns>线程句柄</returns>
</member>
<member name="M:PVZClass.PVZ.VirtualAllocEx(System.Int32,System.Int32,System.Int32,System.Int32,System.Int32)">
 <summary>
 申请内存页空间
 </summary>
 <returns>申请的内存页首地址</returns>
</member>
<member name="M:PVZClass.PVZ.WaitForSingleObject(System.Int32,System.Int32)">
 <summary>
 等待线程的运行,并返回线程的运行状态
 </summary>
 <returns>线程运行状态</returns>
</member>
<member name="M:PVZClass.PVZ.VirtualFreeEx(System.Int32,System.Int32,System.Int32,System.Int32)">
 <summary>
 释放内存页空间
 </summary>
</member>
<member name="M:PVZClass.PVZ.VirtualProtectEx(System.Int32,System.Int32,System.Int32,System.Int32,System.Int32@)">
 <summary>
 修改内存页的访问权限
 </summary>
</member>
<member name="F:PVZClass.PVZ.Game">
 <summary>
 获取游戏的进程对象
 </summary>
</member>
<member name="F:PVZClass.PVZ.Variable">
 <summary>
 0-100存放高效创建子弹的函数<para/>
 100-200存放字符串或者PlantEffect的伪造植物对象<para/>
 200-300存放子弹的事件循环代码<para/>
 300-400存放僵尸的事件循环代码<para/>
 400-500存放植物的事件循环代码<para/>
 500-600存放各种需要初始化的功能
 </summary>
</member>
<member name="T:PVZClass.PVZ.PVZVER">
 <summary>
 游戏版本
 </summary>
</member>
<member name="F:PVZClass.PVZ.GameName">
 <summary>
 默认寻找游戏名称
 </summary>
</member>
<member name="F:PVZClass.PVZ.BackUpGameName">
 ''' <summary>
 备份寻找游戏名称
 </summary>
</member>
<member name="F:PVZClass.PVZ.GameTitle">
 <summary>
 默认寻找游戏窗口
 </summary>
</member>
<member name="P:PVZClass.PVZ.LastWarning">
 <summary>
 获取最后的警告信息
 </summary>
</member>
<member name="F:PVZClass.PVZ.ClassVer">
 <summary>
 此类的版本
 </summary>
</member>
<member name="P:PVZClass.PVZ.GameVer">
 <summary>
 获取游戏版本
 </summary>
</member>
<member name="F:PVZClass.PVZ.ApplicableVer">
 <summary>
 获得该类支持的游戏版本,用LogicalInclude方法来判断
 </summary>
</member>
<member name="M:PVZClass.PVZ.InitFunctions">
 <summary>
 如果不需要使用下列方法可以不调用<para/>
 <see cref="M:PVZClass.PVZ.CreateProjectile(PVZClass.PVZ.ProjectiletType,System.Int32,System.Int32,System.Single,System.Single)"/><para/>
 <see cref="M:PVZClass.PVZ.CreatePortal(System.Int32,System.Int32,System.Int32,System.Int32,System.Int32,System.Int32,System.Int32,System.Int32)"/>
 </summary>
</member>
<member name="M:PVZClass.PVZ.RunGame">
 <summary>
 注意这里正常是不使用<see langword="FindWindow"/>函数而是找进程名字,成功返回真,失败返回假
 </summary>
</member>
<member name="M:PVZClass.PVZ.CloseGame(System.Boolean)">
 <summary>
 程序结束或者再次使用<see cref="M:PVZClass.PVZ.RunGame"/>方法之前一定要调用
 </summary>
 <param name="CancelEventLoop">如果你不希望结束事件循环可以设置False(但这意味着申请的内存讲不被释放)</param>
</member>
<member name="M:PVZClass.PVZ.LogicalInclude(System.Int32,System.Int32)">
 <summary>
 判断目标值是否包括指定的值
 </summary>
 <param name="Comparator">要判断的值</param>
 <param name="Value">判断的值</param>
</member>
<member name="M:PVZClass.PVZ.XYToRC(System.Drawing.Point@)">
 <summary>
 将XY的坐标转换为RC的坐标
 </summary>
 <param name="XY">XY坐标</param>
</member>
<member name="M:PVZClass.PVZ.XYToRC(System.Int32@,System.Int32@)">
 <summary>
 将XY的坐标转换为RC的坐标
 </summary>
</member>
<member name="M:PVZClass.PVZ.RCToXY(System.Drawing.Point@)">
 <summary>
 将RC的坐标转换为XY的坐标
 </summary>
 <param name="RC">RC坐标</param>
</member>
<member name="M:PVZClass.PVZ.RCToXY(System.Int32@,System.Int32@)">
 <summary>
 将RC的坐标转换为XY的坐标
 </summary>
</member>
<member name="T:PVZClass.PVZ.Memory">
 <summary>
 提高对游戏的内存操作(读写内存,申请/释放内存,创建线程)
 </summary>
</member>
<member name="M:PVZClass.PVZ.Memory.SetExecuteReadWrite(System.Int32)">
 <summary>
 将指定的内存页修改为可执行可写,成功返回真,失败返回假
 </summary>
 <param name="Address">要修改的内存页的首地址</param>
</member>
<member name="M:PVZClass.PVZ.Memory.AllocMemory">
 <summary>
 申请内存页,并返回申请的内存页的首地址
 </summary>
</member>
<member name="M:PVZClass.PVZ.Memory.AllocMemoryGlobal(System.String)">
 <summary>
 申请全局内存页,并返回申请的内存页的首地址
 </summary>
</member>
<member name="M:PVZClass.PVZ.Memory.CreateThread(System.Int32)">
 <summary>
 在指定地址创建线程并等待运行
 </summary>
 <param name="Address">要创建线程的地址</param>
</member>
<member name="M:PVZClass.PVZ.Memory.CreateThreadNoWait(System.Int32)">
 <summary>
 在指定地址创建线程且不等待运行(不稳定)
 </summary>
 <param name="Address">要创建线程的地址</param>
</member>
<member name="M:PVZClass.PVZ.Memory.FreeMemory(System.Int32)">
 <summary>
 释放指定内存页
 </summary>
 <param name="Address">要释放的内存页首地址</param>
</member>
<member name="M:PVZClass.PVZ.Memory.Execute(System.Byte[])">
 <summary>
 执行汇编字节代码,并返回一个值(通常是目标对象的指针)
 </summary>
 <param name="AsmCodes">要运行的汇编字节代码</param>
</member>
<member name="M:PVZClass.PVZ.SetVolume(System.Double,System.Double)">
 <summary>
 设置音量大小和音效大小
 </summary>
 <param name="Music">音量大小</param>
 <param name="SoundFX">音效大小(默认0.65[最大值])</param>
</member>
<member name="M:PVZClass.PVZ.CreateZombie(PVZClass.PVZ.ZombieType,System.Int32,System.Byte)">
 <summary>
 创建一个僵尸,并返回创建的僵尸对象
 </summary>
 <param name="Type">僵尸类型</param>
 <param name="Row">僵尸所在行</param>
 <param name="Column">僵尸所在列</param>
</member>
<member name="M:PVZClass.PVZ.CreatePlant(PVZClass.PVZ.PlantType,System.Int32,System.Byte,System.Boolean)">
 <summary>
 创建一个植物,并返回创建的植物对象
 </summary>
 <param name="Type">植物类型</param>
 <param name="Row">植物所在行</param>
 <param name="Column">植物所在列</param>
 <param name="Imitative">是否为模仿者,默认为否</param>
</member>
<member name="M:PVZClass.PVZ.CreateProjectile(PVZClass.PVZ.ProjectiletType,System.Byte,System.Int32)">
 <summary>
 用常规方法创建一个子弹,并返回创建的子弹对象
 </summary>
 <param name="Type">子弹类型</param>
 <param name="Row">子弹所在行</param>
 <param name="X">子弹横坐标</param>
</member>
<member name="M:PVZClass.PVZ.CreateProjectile(PVZClass.PVZ.ProjectiletType,System.Int32,System.Int32,System.Single,System.Single)">
 <summary>
 用高效的方法创建一个子弹,并返回创建的子弹对象<para/>
 需要调用<see cref="M:PVZClass.PVZ.InitFunctions"/>
 </summary>
 <param name="Type">子弹类型</param>
 <param name="X">子弹横坐标</param>
 <param name="Y">子弹纵坐标</param>
 <param name="Angle">子弹的移动角度</param>
 <param name="Speed">子弹的移动速度</param>
</member>
<member name="M:PVZClass.PVZ.CreateCoin(PVZClass.PVZ.CoinType,System.Int32,System.Int32,PVZClass.PVZ.Coin.MotionType,PVZClass.PVZ.CardType)">
 <summary>
 创建一个掉落物,并返回创建的掉落物对象
 </summary>
 <param name="Type">掉落物类型</param>
 <param name="X">掉落物横坐标</param>
 <param name="Y">掉落物纵坐标</param>
 <param name="State">掉落物状态</param>
</member>
<member name="M:PVZClass.PVZ.ResumeLawnmover">
 <summary>
 恢复小推车
 </summary>
</member>
<member name="M:PVZClass.PVZ.StartLawnmover">
 <summary>
 触发小推车
 </summary>
</member>
<member name="M:PVZClass.PVZ.CreateGriditem">
 <summary>
 创建一个场地物品,并返回创建的场地物品对象<para/>
 注意这个对象是所有实际的场地物品的基类,具体参数需要手动设置
 </summary>
</member>
<member name="M:PVZClass.PVZ.CreateGrave(System.Int32,System.Int32)">
 <summary>
 创建一个墓碑
 </summary>
 <param name="Row">墓碑所在行</param>
 <param name="Column">墓碑所在列</param>
</member>
<member name="M:PVZClass.PVZ.CreateCrater(System.Int32,System.Int32,System.Int32)">
 <summary>
 创建一个弹坑,并返回创建的弹坑对象
 </summary>
 <param name="Row">弹坑所在行</param>
 <param name="Column">弹坑所在列</param>
 <param name="Timeout">弹坑消失时间</param>
</member>
<member name="M:PVZClass.PVZ.CreateLadder(System.Int32,System.Byte)">
 <summary>
 创建一个梯子,并返回创建的梯子对象
 </summary>
 <param name="Row">梯子所在行</param>
 <param name="Column">梯子所在列</param>
</member>
<member name="M:PVZClass.PVZ.CreateVase(System.Int32,System.Int32,PVZClass.PVZ.VaseContent,PVZClass.PVZ.VaseSkin,PVZClass.PVZ.ZombieType,PVZClass.PVZ.PlantType,System.Int32)">
 <summary>
 创建一个花瓶,并返回创建的花瓶对象,建议使用关键字参数的形式为参数赋值
 </summary>
 <param name="Row">花瓶所在行</param>
 <param name="Column">花瓶所在列</param>
 <param name="Content">花瓶内容类型</param>
 <param name="Skin">花瓶皮肤,默认问号</param>
 <param name="Zombie">僵尸花瓶内的僵尸类型</param>
 <param name="Plant">植物花瓶内的植物类型</param>
 <param name="Sun">阳光花瓶内的阳光类型</param>
</member>
<member name="M:PVZClass.PVZ.CreateRake(System.Byte,System.Byte)">
 <summary>
 创建一个钉耙
 </summary>
 <param name="Row">钉耙所在行</param>
 <param name="Column">钉耙所在列</param>
</member>
<member name="M:PVZClass.PVZ.CreateCaption(System.String,PVZClass.PVZ.CaptionStyle,System.Int32)">
 <summary>
 创建字幕
 </summary>
 <param name="Content">字幕内容</param>
 <param name="Style">字幕样式</param>
 <param name="Timeout">字幕消失时间,默认500</param>
</member>
<member name="M:PVZClass.PVZ.CreateImageCaption(System.String)">
 <summary>
 创建红字字幕,注意必须是全英文字符
 </summary>
 <param name="Content">红字字幕内容</param>
</member>
<member name="M:PVZClass.PVZ.CreatePlantEffect(PVZClass.PVZ.PlantEffectType,System.Int32,System.Int32)">
 <summary>
 创建一个植物爆炸效果,和植物类内部的爆炸效果一样,但此函数不创建对象<para/>
 你可以使用<see cref="M:PVZClass.PVZ.RCToXY(System.Drawing.Point@)"/>将行列转换成坐标
 </summary>
 <param name="Type">爆炸类型</param>
 <param name="X">爆炸的横坐标</param>
 <param name="Y">爆炸的纵坐标</param>
</member>
<member name="M:PVZClass.PVZ.CreateExplosion(System.Int32,System.Int32,System.Int32,System.Boolean,System.Byte,System.Boolean)">
 <summary>
 创建一个爆炸,注意只有爆炸效果,而没有爆炸的音效和特效<para/>
 你可以使用<see cref="M:PVZClass.PVZ.CreateEffect(System.Int32,System.Single,System.Single)"/>和<see cref="M:PVZClass.PVZ.CreateSound(System.Int32)"/>函数手动创建<para/>
 对于上下界限,它限制了爆炸的范围在[自身所在行-界限,自身所在行+界限]的范围内,樱桃是1,毁灭菇是3
 </summary>
 <param name="X">爆炸的横坐标</param>
 <param name="Y">爆炸的纵坐标</param>
 <param name="Radius">爆炸的半径</param>
 <param name="Cinder">是否为灰烬伤害</param>
 <param name="Bound">爆炸的上下界限,默认5(不限制)</param>
 <param name="EnemyDamage">是否为敌方的伤害(只炸魅惑僵尸)</param>
</member>
<member name="M:PVZClass.PVZ.CreateEffect(System.Int32,System.Single,System.Single)">
 <summary>
 创建一个特效,注意某些特效不会自动消失
 </summary>
 <param name="ID">特效类型</param>
 <param name="X">特效横坐标</param>
 <param name="Y">特效纵坐标</param>
</member>
<member name="M:PVZClass.PVZ.CreateSound(System.Int32)">
 <summary>
 创建一个音效,注意部分音效并不会自动停止,请使用<see cref="M:PVZClass.PVZ.StopSound(System.Int32)"/>方法手动停止
 </summary>
 <param name="ID">音效类型</param>
</member>
<member name="M:PVZClass.PVZ.FrozeAll">
 <summary>
 冻结全屏,注意你必须至少种下过一个植物(不要求当前存在)
 </summary>
</member>
<member name="M:PVZClass.PVZ.StopSound(System.Int32)">
 <summary>
 停止一个音效
 </summary>
 <param name="ID">音效类型</param>
</member>
<member name="M:PVZClass.PVZ.CreateIZombieFormation(PVZClass.PVZ.Level)">
 <summary>
 创建IZ阵型
 </summary>
 <param name="IZlevel">需要创建的关卡</param>
</member>
<member name="M:PVZClass.PVZ.CreateVaseFormation(PVZClass.PVZ.Level)">
 <summary>
 创建VB阵型,不包括4-5的阵型
 </summary>
 <param name="VBlevel">需要创建的关卡</param>
</member>
<member name="M:PVZClass.PVZ.CreatePortal(System.Int32,System.Int32,System.Int32,System.Int32,System.Int32,System.Int32,System.Int32,System.Int32)">
 <summary>
 创建传送门
 </summary>
 <param name="Yellow1Row">第1个黄色传送门所在行</param>
 <param name="Yellow1Column">第1个黄色传送门所在列</param>
 <param name="Yellow2Row">第2个黄色传送门所在行</param>
 <param name="Yellow2Column">第2个黄色传送门所在列</param>
 <param name="Blue1Row">第1个蓝色传送门所在行</param>
 <param name="Blue1Column">第1个蓝色传送门所在列</param>
 <param name="Blue2Row">第2个蓝色传送门所在行</param>
 <param name="Blue2Column">第2个蓝色传送门所在列</param>
</member>
<member name="M:PVZClass.PVZ.CallZombieList">
 <summary>
 生成出怪列表
 </summary>
</member>
<member name="M:PVZClass.PVZ.ShowZombiePreview">
 <summary>
 显示出怪预览
 </summary>
</member>
<member name="M:PVZClass.PVZ.CreateZombieList(PVZClass.PVZ.ZombieType[],System.Int32)">
 <summary>
 创建出怪列表(设置出怪)
 </summary>
 <param name="ZombieSeed">出怪种子</param>
 <param name="Wave">需要设置的波数,默认为0(不干预)</param>
</member>
<member name="P:PVZClass.PVZ.MusicVolume">
 <summary>
 游戏音乐音量
 </summary>
</member>
<member name="P:PVZClass.PVZ.SoundFXVolume">
 <summary>
 游戏音效音量
 </summary>
</member>
<member name="P:PVZClass.PVZ.AllZombies">
 <summary>
 获取全部僵尸对象,返回一个僵尸对象的数组
 </summary>
</member>
<member name="P:PVZClass.PVZ.ZombiesCount">
 <summary>
 当前僵尸数
 </summary>
</member>
<member name="P:PVZClass.PVZ.AllPlants">
 <summary>
 获取全部植物对象,返回一个植物对象的数组
 </summary>
</member>
<member name="P:PVZClass.PVZ.PlantsCount">
 <summary>
 当前植物数
 </summary>
</member>
<member name="P:PVZClass.PVZ.AllProjectiles">
 <summary>
 获取全部子弹对象,返回一个子弹对象的数组
 </summary>
</member>
<member name="P:PVZClass.PVZ.ProjectilesCount">
 <summary>
 当前子弹数
 </summary>
</member>
<member name="P:PVZClass.PVZ.AllCoins">
 <summary>
 获取全部掉落物对象,返回一个掉落物对象的数组
 </summary>
</member>
<member name="P:PVZClass.PVZ.CoinsCount">
 <summary>
 当前掉落物数
 </summary>
</member>
<member name="P:PVZClass.PVZ.AllLawnmovers">
 <summary>
 获取全部小推车对象,返回一个小推车对象的数组
 </summary>
</member>
<member name="P:PVZClass.PVZ.LawnmoversCount">
 <summary>
 当前小推车数
 </summary>
</member>
<member name="P:PVZClass.PVZ.AllGriditems">
 <summary>
 获取全部场地物品对象,返回一个场地物品对象的数组
 </summary>
</member>
<member name="P:PVZClass.PVZ.GriditemsCount">
 <summary>
 当前场地物品数
 </summary>
</member>
<member name="T:PVZClass.PVZ.Level">
 <summary>
 关卡枚举
 </summary>
</member>
<member name="P:PVZClass.PVZ.LevelId">
 <summary>
 设置或获取当前关卡
 </summary>
</member>
<member name="T:PVZClass.PVZ.GameState">
 <summary>
 游戏状态(关卡状态)枚举
 </summary>
</member>
<member name="P:PVZClass.PVZ.LevelState">
 <summary>
 设置或获取当前关卡状态,注意大部分时候这并不有效
 </summary>
</member>
<member name="P:PVZClass.PVZ.FreePlantingCheat">
 <summary>
 开启或关闭游戏自带的免费种植
 </summary>
</member>
<member name="P:PVZClass.PVZ.FullVersion">
 <summary>
 设置或获取游戏是否为完全版本
 </summary>
</member>
<member name="T:PVZClass.PVZ.MouseClickState">
 <summary>
 鼠标点击状态枚举
 </summary>
</member>
<member name="T:PVZClass.PVZ.Mouse">
 <summary>
 鼠标对象(控制层面的鼠标)
 </summary>
</member>
<member name="P:PVZClass.PVZ.Mouse.BaseAddress">
 <summary>
 对象指针
 </summary>
</member>
<member name="P:PVZClass.PVZ.Mouse.InGameArea">
 <summary>
 鼠标是否在游戏画面内
 </summary>
</member>
<member name="P:PVZClass.PVZ.Mouse.X">
 <summary>
 鼠标横坐标
 </summary>
</member>
<member name="P:PVZClass.PVZ.Mouse.Y">
 <summary>
 鼠标纵坐标
 </summary>
</member>
<member name="P:PVZClass.PVZ.Mouse.ClickState">
 <summary>
 鼠标点击状态
 </summary>
</member>
<member name="M:PVZClass.PVZ.Mouse.WMLClick(System.Int16,System.Int16)">
 <summary>
 通过发送消息左键点击一个坐标
 </summary>
 <param name="X">要点击的横坐标</param>
 <param name="Y">要点击的纵坐标</param>
</member>
<member name="M:PVZClass.PVZ.Mouse.WMRClick(System.Int16,System.Int16)">
 <summary>
 通过发送消息右键点击一个坐标
 </summary>
 <param name="X">要点击的横坐标</param>
 <param name="Y">要点击的纵坐标</param>
</member>
<member name="M:PVZClass.PVZ.Mouse.GameClick(System.Int32,System.Int32)">
 <summary>
 点击一个坐标
 </summary>
 <param name="X">要点击的横坐标</param>
 <param name="Y">要点击的纵坐标</param>
</member>
<member name="T:PVZClass.PVZ.ZombieType">
 <summary>
 僵尸类型枚举
 </summary>
</member>
<member name="T:PVZClass.PVZ.Zombie">
 <summary>
 僵尸对象
 </summary>
</member>
<member name="F:PVZClass.PVZ.Zombie.BaseAddress">
 <summary>
 对象指针
 </summary>
</member>
<member name="M:PVZClass.PVZ.Zombie.#ctor(System.Int32)">
 <summary>
 新建一个僵尸对象,可以使用僵尸的序号或者对象指针
 </summary>
 <param name="IndexOrAddress">僵尸的序号或者对象指针</param>
</member>
<member name="P:PVZClass.PVZ.Zombie.ImageX">
 <summary>
 僵尸图像的横坐标,若想修改真实坐标请修改X
 </summary>
</member>
<member name="P:PVZClass.PVZ.Zombie.ImageY">
 <summary>
 僵尸图像的纵坐标,若想修改真实坐标请修改Y
 </summary>
</member>
<member name="P:PVZClass.PVZ.Zombie.Visible">
 <summary>
 设置或获取僵尸是否可见
 </summary>
</member>
<member name="P:PVZClass.PVZ.Zombie.Row">
 <summary>
 设置或获取僵尸所在行
 </summary>
</member>
<member name="P:PVZClass.PVZ.Zombie.Layer">
 <summary>
 设置或获取僵尸的图层
 </summary>
</member>
<member name="P:PVZClass.PVZ.Zombie.Type">
 <summary>
 设置或获取僵尸的类型(通常不推荐设置)
 </summary>
</member>
<member name="P:PVZClass.PVZ.Zombie.State">
 <summary>
 设置或获取僵尸的状态
 </summary>
</member>
<member name="P:PVZClass.PVZ.Zombie.X">
 <summary>
 设置或获取僵尸的横坐标
 </summary>
</member>
<member name="P:PVZClass.PVZ.Zombie.Y">
 <summary>
 设置或获取僵尸的纵坐标
 </summary>
</member>
<member name="M:PVZClass.PVZ.Zombie.Light(System.Int32)">
 <summary>
 僵尸发光(被击中时的效果)
 </summary>
 <param name="CentiSecond">发光的时长(厘秒),默认100</param>
</member>
<member name="P:PVZClass.PVZ.Zombie.ExistedTime">
 <summary>
 获取僵尸的已存在时间
 </summary>
</member>
<member name="P:PVZClass.PVZ.Zombie.AttributeCountdown">
 <summary>
 设置或获取僵尸的属性倒计时,具体由僵尸本身的类别区分作用
 </summary>
</member>
<member name="P:PVZClass.PVZ.Zombie.DisappearCountdown">
 <summary>
 设置或获取僵尸消失倒计时
 </summary>
</member>
<member name="P:PVZClass.PVZ.Zombie.CollisionX">
 <summary>
 设置或获取僵尸碰撞判定的横坐标(相对自身的坐标)
 </summary>
</member>
<member name="P:PVZClass.PVZ.Zombie.CollisionY">
 <summary>
 设置或获取僵尸碰撞判定的纵坐标(相对自身的坐标)
 </summary>
</member>
<member name="P:PVZClass.PVZ.Zombie.CollisionLength">
 <summary>
 设置或获取僵尸碰撞判定的宽度
 </summary>
</member>
<member name="P:PVZClass.PVZ.Zombie.CollisionHeight">
 <summary>
 设置或获取僵尸碰撞判定的高度
 </summary>
</member>
<member name="P:PVZClass.PVZ.Zombie.AttackCollisionX">
 <summary>
 设置或获取僵尸攻击判定的横坐标(相对自身的坐标)
 </summary>
</member>
<member name="P:PVZClass.PVZ.Zombie.AttackCollisionY">
 <summary>
 设置或获取僵尸攻击判定的纵坐标(相对自身的坐标)
 </summary>
</member>
<member name="P:PVZClass.PVZ.Zombie.AttackCollisionLength">
 <summary>
 设置或获取僵尸攻击判定的宽度
 </summary>
</member>
<member name="P:PVZClass.PVZ.Zombie.AttackCollisionHeight">
 <summary>
 设置或获取僵尸攻击判定的高度
 </summary>
</member>
<member name="P:PVZClass.PVZ.Zombie.DecelerateCountdown">
 <summary>
 设置或获取僵尸的减速倒计时(修改此值不会立刻让僵尸减速)
 </summary>
</member>
<member name="P:PVZClass.PVZ.Zombie.FixedCountdown">
 <summary>
 设置或获取僵尸的黄油固定倒计时(修改此值不会让僵尸停止活动,但会停止行为)
 </summary>
</member>
<member name="P:PVZClass.PVZ.Zombie.FrozenCountdown">
 <summary>
 设置或获取僵尸的冻结倒计时(修改此值不会让僵尸停止活动,但会停止行为)
 </summary>
</member>
<member name="P:PVZClass.PVZ.Zombie.Hypnotized">
 <summary>
 设置或获取僵尸是否被魅惑
 </summary>
</member>
<member name="P:PVZClass.PVZ.Zombie.Blowaway">
 <summary>
 设置或获取僵尸是否被吹走
 </summary>
</member>
<member name="P:PVZClass.PVZ.Zombie.Dying">
 <summary>
 设置或获取僵尸是否将死(血量低于临界值的状态)
 </summary>
</member>
<member name="P:PVZClass.PVZ.Zombie.HandBroken">
 <summary>
 僵尸是否过断手
 </summary>
</member>
<member name="P:PVZClass.PVZ.Zombie.SthinHandOrYetiLeft">
 <summary>
 设置或获取僵尸是否有手持物,雪人是否向左走
 </summary>
</member>
<member name="P:PVZClass.PVZ.Zombie.InWater">
 <summary>
 设置或获取僵尸是否在水中
 </summary>
</member>
<member name="P:PVZClass.PVZ.Zombie.GarlicBited">
 <summary>
 设置或获取僵尸是否吃到了大蒜
 </summary>
</member>
<member name="T:PVZClass.PVZ.Zombie.Accessories1">
 <summary>
 僵尸1类饰品(全方位防御)枚举
 </summary>
</member>
<member name="T:PVZClass.PVZ.Zombie.Accessories2">
 <summary>
 僵尸2类饰品(会直接受到投掷,地刺,后方攻击和僵尸啃咬攻击)枚举
 </summary>
</member>
<member name="P:PVZClass.PVZ.Zombie.AccessoriesType1">
 <summary>
 设置或获取僵尸1类饰品
 </summary>
</member>
<member name="P:PVZClass.PVZ.Zombie.BodyHP">
 <summary>
 设置或获取僵尸本体血量
 </summary>
</member>
<member name="P:PVZClass.PVZ.Zombie.MaxBodyHP">
 <summary>
 设置或获取僵尸本体血量上限
 </summary>
</member>
<member name="P:PVZClass.PVZ.Zombie.AccessoriesType1HP">
 <summary>
 设置或获取僵尸1类饰品血量
 </summary>
</member>
<member name="P:PVZClass.PVZ.Zombie.MaxAccessoriesType1HP">
 <summary>
 设置或获取僵尸1类饰品血量上限
 </summary>
</member>
<member name="P:PVZClass.PVZ.Zombie.AccessoriesType2">
 <summary>
 设置或获取僵尸2类饰品
 </summary>
</member>
<member name="P:PVZClass.PVZ.Zombie.AccessoriesType2HP">
 <summary>
 设置或获取僵尸2类饰品血量
 </summary>
</member>
<member name="P:PVZClass.PVZ.Zombie.MaxAccessoriesType2HP">
 <summary>
 设置或获取僵尸2类饰品血量上限
 </summary>
</member>
<member name="P:PVZClass.PVZ.Zombie.Exist">
 <summary>
 设置或获取僵尸是否存在
 </summary>
</member>
<member name="P:PVZClass.PVZ.Zombie.Animation">
 <summary>
 僵尸的动画对象
 </summary>
</member>
<member name="P:PVZClass.PVZ.Zombie.Size">
 <summary>
 设置或获取僵尸大小
 </summary>
</member>
<member name="P:PVZClass.PVZ.Zombie.Id">
 <summary>
 僵尸的ID(可用于子弹的跟踪)
 </summary>
</member>
<member name="P:PVZClass.PVZ.Zombie.Index">
 <summary>
 取得这是第几个僵尸
 </summary>
</member>
<member name="T:PVZClass.PVZ.Zombie.DamageType">
 <summary>
 伤害类型枚举
 </summary>
</member>
<member name="M:PVZClass.PVZ.Zombie.Hit(System.Int32,PVZClass.PVZ.Zombie.DamageType)">
 <summary>
 攻击僵尸
 </summary>
 <param name="Damage">伤害值</param>
 <param name="DamageType­">伤害类型,默认正前方普通伤害</param>
</member>
<member name="M:PVZClass.PVZ.Zombie.Blast">
 <summary>
 炸死僵尸(给予一个灰烬攻击)
 </summary>
</member>
<member name="M:PVZClass.PVZ.Zombie.Butter">
 <summary>
 黄油固定僵尸
 </summary>
</member>
<member name="T:PVZClass.PVZ.Zombie.EventLoop">
 <summary>
 僵尸的事件循环,即一直会运行的代码
 </summary>
</member>
<member name="M:PVZClass.PVZ.Zombie.EventLoop.Initialize(System.Byte[])">
 <summary>
 初始化应用事件循环的汇编代码
 </summary>
 <param name="Asmcode">以8B 06开始(mov eax,[esi]),C3(ret)结束,其中eax即为所有僵尸对象的指针</param>
</member>
<member name="M:PVZClass.PVZ.Zombie.EventLoop.Start">
 <summary>
 开始执行事件循环,一点要先初始化,并且一旦运行,直到调用<see cref="M:PVZClass.PVZ.Zombie.EventLoop.Stop­"/>方法或者游戏结束为止一直有效,中途不可再调用<see cref="M:PVZClass.PVZ.Zombie.EventLoop.Initialize(System.Byte[])"/>
 </summary>
</member>
<member name="M:PVZClass.PVZ.Zombie.EventLoop.Stop­">
 <summary>
 结束事件循环,随时可以再次调用<see cref="M:PVZClass.PVZ.Zombie.EventLoop.Start"/>
 </summary>
</member>
<member name="T:PVZClass.PVZ.PlantType">
 <summary>写
 植物类型枚举
 </summary>
</member>
<member name="T:PVZClass.PVZ.PlantEffectType">
 <summary>
 植物特效类型枚举
 </summary>
</member>
<member name="T:PVZClass.PVZ.Plant">
 <summary>
 植物对象
 </summary>
</member>
<member name="F:PVZClass.PVZ.Plant.BaseAddress">
 <summary>
 对象指针
 </summary>
</member>
<member name="M:PVZClass.PVZ.Plant.#ctor(System.Int32)">
 <summary>
 新建一个植物对象,可以使用植物的序号或者对象指针
 </summary>
 <param name="IndexOrAddress">植物的序号或者对象指针</param>
</member>
<member name="P:PVZClass.PVZ.Plant.X">
 <summary>
 设置或获取植物的横坐标
 </summary>
</member>
<member name="P:PVZClass.PVZ.Plant.Y">
 <summary>
 设置或获取植物的纵坐标
 </summary>
</member>
<member name="P:PVZClass.PVZ.Plant.Visible">
 <summary>
 设置或获取植物是否可见
 </summary>
</member>
<member name="P:PVZClass.PVZ.Plant.Row">
 <summary>
 设置或获取植物所在行
 </summary>
</member>
<member name="P:PVZClass.PVZ.Plant.Layer">
 <summary>
 设置或获取植物图层
 </summary>
</member>
<member name="P:PVZClass.PVZ.Plant.Type">
 <summary>
 设置或获取植物类型(通常不推荐设置)
 </summary>
</member>
<member name="P:PVZClass.PVZ.Plant.Column">
 <summary>
 设置或获取植物所在列
 </summary>
</member>
<member name="P:PVZClass.PVZ.Plant.State">
 <summary>
 设置或获取植物状态
 </summary>
</member>
<member name="P:PVZClass.PVZ.Plant.Hp">
 <summary>
 设置或获取植物血量
 </summary>
</member>
<member name="P:PVZClass.PVZ.Plant.MaxHp">
 <summary>
 设置或获取植物血量上限
 </summary>
</member>
<member name="P:PVZClass.PVZ.Plant.Aggressive">
 <summary>
 设置或获取植物是否可以攻击
 </summary>
</member>
<member name="P:PVZClass.PVZ.Plant.BloverDisappearCountdown">
 <summary>
 设置或获取三叶草消失倒计时
 </summary>
</member>
<member name="P:PVZClass.PVZ.Plant.EffectiveCountdown">
 <summary>
 设置或获取植物产生爆炸效果倒计时
 </summary>
</member>
<member name="P:PVZClass.PVZ.Plant.AttributeCountdown">
 <summary>
 设置或获取植物属性倒计时
 </summary>
</member>
<member name="P:PVZClass.PVZ.Plant.ShootOrProductCountdown">
 <summary>
 设置或获取植物射击,产生物品倒计时
 </summary>
</member>
<member name="P:PVZClass.PVZ.Plant.ShootOrProductInterval">
 <summary>
 设置或获取植物射击,产生物品时间间隔
 </summary>
</member>
<member name="P:PVZClass.PVZ.Plant.ShootingCountdown">
 <summary>
 设置或获取植物射击(产生子弹)倒计时
 </summary>
</member>
<member name="P:PVZClass.PVZ.Plant.Animation1">
 <summary>
 植物动画对象1
 </summary>
</member>
<member name="P:PVZClass.PVZ.Plant.Animation2">
 <summary>
 植物动画对象2
 </summary>
</member>
<member name="M:PVZClass.PVZ.Plant.Light(System.Int32)">
 <summary>
 植物发光
 </summary>
 <param name="CentiSecond">发光的时长,默认100</param>
</member>
<member name="M:PVZClass.PVZ.Plant.Flash(System.Int32)">
 <summary>
 植物闪光
 </summary>
 <param name="CentiSecond">闪光的时长,默认100</param>
</member>
<member name="P:PVZClass.PVZ.Plant.ImageXOffset">
 <summary>
 设置或获取植物横坐标偏移
 </summary>
</member>
<member name="P:PVZClass.PVZ.Plant.ImageYOffset">
 <summary>
 设置或获取植物纵坐标偏移
 </summary>
</member>
<member name="P:PVZClass.PVZ.Plant.Exist">
 <summary>
 设置或获取植物是否存在
 </summary>
</member>
<member name="P:PVZClass.PVZ.Plant.Squash">
 <summary>
 设置或获取植物是否压扁
 </summary>
</member>
<member name="P:PVZClass.PVZ.Plant.Sleeping">
 <summary>
 设置或获取植物是否睡着
 </summary>
</member>
<member name="P:PVZClass.PVZ.Plant.Id">
 <summary>
 植物ID
 </summary>
</member>
<member name="P:PVZClass.PVZ.Plant.Index">
 <summary>
 取得这是第几个植物
 </summary>
</member>
<member name="M:PVZClass.PVZ.Plant.CreateEffect">
 <summary>
 产生效果,注意只有部分特殊植物可以产生效果
 </summary>
</member>
<member name="M:PVZClass.PVZ.Plant.Fix">
 <summary>
 固定植物,如同IZ中的植物一样不会运动
 </summary>
</member>
<member name="M:PVZClass.PVZ.Plant.Shoot(System.Int32)">
 <summary>
 使植物射击,并返回射击的子弹对象,注意杨桃对于该方法没有返回值
 </summary>
 <param name="TracktargetId">目标的ID,设置即可跟踪</param>
 <returns></returns>
</member>
<member name="T:PVZClass.PVZ.Plant.EventLoop">
 <summary>
 植物的事件循环,即一直会运行的代码
 </summary>
</member>
<member name="M:PVZClass.PVZ.Plant.EventLoop.Initialize(System.Byte[])">
 <summary>
 初始化应用事件循环的汇编代码
 </summary>
 <param name="Asmcode">以8B 06开始(mov eax,[esi]),C3(ret)结束,其中eax即为所有植物对象的指针</param>
</member>
<member name="M:PVZClass.PVZ.Plant.EventLoop.Start">
 <summary>
 开始执行事件循环,一点要先初始化,并且一旦运行,直到调用<see cref="M:PVZClass.PVZ.Plant.EventLoop.Stop­"/>方法或者游戏结束为止一直有效,中途不可再调用<see cref="M:PVZClass.PVZ.Plant.EventLoop.Initialize(System.Byte[])"/>
 </summary>
</member>
<member name="M:PVZClass.PVZ.Plant.EventLoop.Stop­">
 <summary>
 结束事件循环,随时可以再次调用<see cref="M:PVZClass.PVZ.Plant.EventLoop.Start"/>
 </summary>
</member>
<member name="T:PVZClass.PVZ.ProjectiletType">
 <summary>
 子弹类型枚举
 </summary>
</member>
<member name="T:PVZClass.PVZ.Projectile">
 <summary>
 子弹对象
 </summary>
</member>
<member name="F:PVZClass.PVZ.Projectile.BaseAddress">
 <summary>
 对象指针
 </summary>
</member>
<member name="M:PVZClass.PVZ.Projectile.#ctor(System.Int32)">
 <summary>
 新建一个植物对象,可以使用植物的序号或者对象指针
 </summary>
 <param name="IndexOrAddress">植物的序号或者对象指针</param>
</member>
<member name="P:PVZClass.PVZ.Projectile.ImageX">
 <summary>
 子弹图像的横坐标,若想修改真实坐标请修改X
 </summary>
</member>
<member name="P:PVZClass.PVZ.Projectile.ImageY">
 <summary>
 子弹图像的纵坐标,若想修改真实坐标请修改Y
 </summary>
</member>
<member name="P:PVZClass.PVZ.Projectile.Visible">
 <summary>
 设置或获取子弹是否可见
 </summary>
</member>
<member name="P:PVZClass.PVZ.Projectile.Row">
 <summary>
 设置或获取子弹所在行
 </summary>
</member>
<member name="P:PVZClass.PVZ.Projectile.Layer">
 <summary>
 设置或获取子弹图层
 </summary>
</member>
<member name="P:PVZClass.PVZ.Projectile.X">
 <summary>
 设置或获取子弹横坐标
 </summary>
</member>
<member name="P:PVZClass.PVZ.Projectile.Y">
 <summary>
 设置或获取子弹纵坐标
 </summary>
</member>
<member name="P:PVZClass.PVZ.Projectile.Height">
 <summary>
 设置或获取子弹相对地面的高度
 </summary>
</member>
<member name="P:PVZClass.PVZ.Projectile.XSpeed">
 <summary>
 设置或获取子弹的横向加速度,注意只有子弹运动状态为<see cref="F:PVZClass.PVZ.Projectile.MotionType.Float"/>时有效果
 </summary>
</member>
<member name="P:PVZClass.PVZ.Projectile.YSpeed">
 <summary>
 设置或获取子弹的纵向加速度,注意只有子弹运动状态为<see cref="F:PVZClass.PVZ.Projectile.MotionType.Float"/>时有效果
 </summary>
</member>
<member name="P:PVZClass.PVZ.Projectile.Exist">
 <summary>
 设置或获取子弹是否存在
 </summary>
</member>
<member name="T:PVZClass.PVZ.Projectile.MotionType">
 <summary>
 子弹运动状态枚举
 </summary>
</member>
<member name="P:PVZClass.PVZ.Projectile.Motion">
 <summary>
 设置或获取子弹运动状态
 </summary>
</member>
<member name="P:PVZClass.PVZ.Projectile.Type">
 <summary>
 设置或获取子弹类型
 </summary>
</member>
<member name="P:PVZClass.PVZ.Projectile.ExistedTime">
 <summary>
 子弹已经存在的时间
 </summary>
</member>
<member name="P:PVZClass.PVZ.Projectile.RotationAngle">
 <summary>
 设置或获取子弹旋转角度
 </summary>
</member>
<member name="P:PVZClass.PVZ.Projectile.RotationSpeed">
 <summary>
 设置或获取子弹旋转速度
 </summary>
</member>
<member name="P:PVZClass.PVZ.Projectile.Damagable">
 <summary>
 设置或获子弹的伤害状压
 </summary>
</member>
<member name="P:PVZClass.PVZ.Projectile.TracktargetId">
 <summary>
 设置或获取子弹的跟踪目标,注意只有子弹运动状态为<see cref="F:PVZClass.PVZ.Projectile.MotionType.Track"/>时有效果
 </summary>
</member>
<member name="P:PVZClass.PVZ.Projectile.Id">
 <summary>
 子弹ID
 </summary>
</member>
<member name="P:PVZClass.PVZ.Projectile.Index">
 <summary>
 取得这是第几个子弹
 </summary>
</member>
<member name="M:PVZClass.PVZ.Projectile.OnFire">
 <summary>
 让子弹通过火炬
 </summary>
</member>
<member name="T:PVZClass.PVZ.Projectile.EventLoop">
 <summary>
 子弹的事件循环,即一直会运行的代码
 </summary>
</member>
<member name="M:PVZClass.PVZ.Projectile.EventLoop.Initialize(System.Byte[])">
 <summary>
 初始化应用事件循环的汇编代码
 </summary>
 <param name="Asmcode">以8B 06开始(mov eax,[esi]),C3(ret)结束,其中eax即为所有子弹对象的指针</param>
</member>
<member name="M:PVZClass.PVZ.Projectile.EventLoop.Start">
 <summary>
 开始执行事件循环,一点要先初始化,并且一旦运行,直到调用<see cref="M:PVZClass.PVZ.Projectile.EventLoop.Stop­"/>方法或者游戏结束为止一直有效,中途不可再调用<see cref="M:PVZClass.PVZ.Projectile.EventLoop.Initialize(System.Byte[])"/>
 </summary>
</member>
<member name="M:PVZClass.PVZ.Projectile.EventLoop.Stop­">
 <summary>
 结束事件循环,随时可以再次调用<see cref="M:PVZClass.PVZ.Projectile.EventLoop.Start"/>
 </summary>
</member>
<member name="T:PVZClass.PVZ.CoinType">
 <summary>
 掉落物类型枚举
 </summary>
</member>
<member name="T:PVZClass.PVZ.Coin">
 <summary>
 掉落物对象
 </summary>
</member>
<member name="F:PVZClass.PVZ.Coin.BaseAddress">
 <summary>
 对象指针
 </summary>
</member>
<member name="M:PVZClass.PVZ.Coin.#ctor(System.Int32)">
 <summary>
 新建一个掉落物对象,可以使用掉落物的序号或者对象指针
 </summary>
 <param name="IndexOrAddress">掉落物的序号或者对象指针</param>
</member>
<member name="P:PVZClass.PVZ.Coin.ImageX">
 <summary>
 掉落物图像的横坐标,若想修改真实坐标请修改X
 </summary>
</member>
<member name="P:PVZClass.PVZ.Coin.ImageY">
 <summary>
 掉落物图像的纵坐标,若想修改真实坐标请修改X
 </summary>
</member>
<member name="P:PVZClass.PVZ.Coin.CollisionWidth">
 <summary>
 设置或获取掉落物的碰撞宽度
 </summary>
</member>
<member name="P:PVZClass.PVZ.Coin.CollisionHeight">
 <summary>
 设置或获取掉落物的碰撞高度
 </summary>
</member>
<member name="P:PVZClass.PVZ.Coin.Visible">
 <summary>
 设置或获取掉落物是否可见
 </summary>
</member>
<member name="P:PVZClass.PVZ.Coin.Layer">
 <summary>
 设置或获取掉落物的图层
 </summary>
</member>
<member name="P:PVZClass.PVZ.Coin.X">
 <summary>
 设置或获取掉落物的横坐标
 </summary>
</member>
<member name="P:PVZClass.PVZ.Coin.Y">
 <summary>
 设置或获取掉落物的纵坐标
 </summary>
</member>
<member name="P:PVZClass.PVZ.Coin.Size">
 <summary>
 设置或获取掉落物的大小
 </summary>
</member>
<member name="P:PVZClass.PVZ.Coin.Exist">
 <summary>
 设置或获取掉落物是否存在
 </summary>
</member>
<member name="P:PVZClass.PVZ.Coin.ExistedTime">
 <summary>
 掉落物已存在的时间
 </summary>
</member>
<member name="P:PVZClass.PVZ.Coin.Collected">
 <summary>
 设置或获取掉落物是否被收集
 </summary>
</member>
<member name="P:PVZClass.PVZ.Coin.Type">
 <summary>
 设置或获取掉落物的类型
 </summary>
</member>
<member name="T:PVZClass.PVZ.Coin.MotionType">
 <summary>
 掉落物的运动状态枚举
 </summary>
</member>
<member name="P:PVZClass.PVZ.Coin.Motion">
 <summary>
 设置或获取掉落物的运动状态
 </summary>
</member>
<member name="P:PVZClass.PVZ.Coin.CardType">
 <summary>
 设置或获取卡片掉落物的卡片内容
 </summary>
</member>
<member name="P:PVZClass.PVZ.Coin.Halo">
 <summary>
 设置或获取掉落物是否有光环
 </summary>
</member>
<member name="P:PVZClass.PVZ.Coin.Id">
 <summary>
 掉落物ID
 </summary>
</member>
<member name="P:PVZClass.PVZ.Coin.Index">
 <summary>
 取得这是第几个掉落物
 </summary>
</member>
<member name="T:PVZClass.PVZ.LawnmowerType">
 <summary>
 小推车类型枚举
 </summary>
</member>
<member name="T:PVZClass.PVZ.Lawnmover">
 <summary>
 小推车对象
 </summary>
</member>
<member name="F:PVZClass.PVZ.Lawnmover.BaseAddress">
 <summary>
 对象指针
 </summary>
</member>
<member name="M:PVZClass.PVZ.Lawnmover.#ctor(System.Int32)">
 <summary>
 新建一个小推车对象,可以使用小推车的序号或者对象指针
 </summary>
 <param name="IndexOrAddress">小推车的序号或者对象指针</param>
</member>
<member name="P:PVZClass.PVZ.Lawnmover.X">
 <summary>
 设置或获取小推车的横坐标
 </summary>
</member>
<member name="P:PVZClass.PVZ.Lawnmover.Y">
 <summary>
 设置或获取小推车的纵坐标
 </summary>
</member>
<member name="P:PVZClass.PVZ.Lawnmover.Layer">
 <summary>
 设置或获取小推车的图层
 </summary>
</member>
<member name="P:PVZClass.PVZ.Lawnmover.Row">
 <summary>
 设置或获取小推车所在行
 </summary>
</member>
<member name="P:PVZClass.PVZ.Lawnmover.State">
 <summary>
 设置或获取小推车状态
 </summary>
</member>
<member name="P:PVZClass.PVZ.Lawnmover.Exist">
 <summary>
 设置或获取小推车是否存在
 </summary>
</member>
<member name="P:PVZClass.PVZ.Lawnmover.Visible">
 <summary>
 设置或获取小推车是否可见
 </summary>
</member>
<member name="P:PVZClass.PVZ.Lawnmover.Type">
 <summary>
 设置或获取小推车类型
 </summary>
</member>
<member name="P:PVZClass.PVZ.Lawnmover.YOffset">
 <summary>
 设置或获取小推车纵坐标偏移
 </summary>
</member>
<member name="P:PVZClass.PVZ.Lawnmover.Id">
 <summary>
 小推车ID
 </summary>
</member>
<member name="P:PVZClass.PVZ.Lawnmover.Index">
 <summary>
 取得这是第几个小推车
 </summary>
</member>
<member name="T:PVZClass.PVZ.GriditemType">
 <summary>
 场地物品枚举
 </summary>
</member>
<member name="T:PVZClass.PVZ.Griditem">
 <summary>
 场地物品对象
 </summary>
</member>
<member name="F:PVZClass.PVZ.Griditem.BaseAddress">
 <summary>
 对象指针
 </summary>
</member>
<member name="M:PVZClass.PVZ.Griditem.#ctor(System.Int32)">
 <summary>
 新建一个场地物品对象,可以使用场地物品的序号或者对象指针
 </summary>
 <param name="IndexOrAddress">墓碑的序号或者对象指针</param>
</member>
<member name="P:PVZClass.PVZ.Griditem.Type">
 <summary>
 设置或获取场地物品的类型
 </summary>
</member>
<member name="P:PVZClass.PVZ.Griditem.Column">
 <summary>
 设置或获取场地物品所在列
 </summary>
</member>
<member name="P:PVZClass.PVZ.Griditem.Row">
 <summary>
 设置或获取场地物品所在行
 </summary>
</member>
<member name="P:PVZClass.PVZ.Griditem.Layer">
 <summary>
 设置或获取场地物品的图层
 </summary>
</member>
<member name="P:PVZClass.PVZ.Griditem.Exist">
 <summary>
 设置或获取场地物品是否存在
 </summary>
</member>
<member name="P:PVZClass.PVZ.Griditem.Id">
 <summary>
 场地物品ID
 </summary>
</member>
<member name="P:PVZClass.PVZ.Griditem.Index">
 <summary>
 取得这是第几个场地物品
 </summary>
</member>
<member name="T:PVZClass.PVZ.Grave">
 <summary>
 墓碑对象
 </summary>
</member>
<member name="M:PVZClass.PVZ.Grave.#ctor(System.Int32)">
 <summary>
 新建一个墓碑对象,可以使用墓碑的序号或者对象指针
 </summary>
 <param name="IndexOrAddress">墓碑的序号或者对象指针</param>
</member>
<member name="P:PVZClass.PVZ.Grave.AppearedValue">
 <summary>
 设置或获取墓碑露出地面的百分比
 </summary>
</member>
<member name="T:PVZClass.PVZ.Crater">
 <summary>
 弹坑对象
 </summary>
</member>
<member name="M:PVZClass.PVZ.Crater.#ctor(System.Int32)">
 <summary>
 新建一个弹坑对象,可以使用弹坑的序号或者对象指针
 </summary>
 <param name="IndexOrAddress">弹坑的序号或者对象指针</param>
</member>
<member name="P:PVZClass.PVZ.Crater.DisappearCountdown">
 <summary>
 设置或获取弹坑消失倒计时
 </summary>
</member>
<member name="T:PVZClass.PVZ.Brain">
 <summary>
 脑子对象
 </summary>
</member>
<member name="M:PVZClass.PVZ.Brain.#ctor(System.Int32)">
 <summary>
 新建一个脑子对象,可以使用脑子的序号或者对象指针
 </summary>
 <param name="IndexOrAddress">脑子的序号或者对象指针</param>
</member>
<member name="P:PVZClass.PVZ.Brain.Hp">
 <summary>
 设置或获取脑子血量
 </summary>
</member>
<member name="P:PVZClass.PVZ.Brain.Y">
 <summary>
 设置或获取脑子纵坐标
 </summary>
</member>
<member name="T:PVZClass.PVZ.VaseSkin">
 <summary>
 花瓶皮肤样式枚举
 </summary>
</member>
<member name="T:PVZClass.PVZ.VaseContent">
 <summary>
 花瓶内容类型枚举
 </summary>
</member>
<member name="T:PVZClass.PVZ.Vase">
 <summary>
 花瓶对象
 </summary>
</member>
<member name="M:PVZClass.PVZ.Vase.#ctor(System.Int32)">
 <summary>
 新建一个花瓶对象,可以使用花瓶的序号或者对象指针
 </summary>
 <param name="IndexOrAddress">脑子的序号或者对象指针</param>
</member>
<member name="P:PVZClass.PVZ.Vase.Skin">
 <summary>
 设置或获取花瓶的皮肤样式
 </summary>
</member>
<member name="P:PVZClass.PVZ.Vase.Zombie">
 <summary>
 设置或获取僵尸花瓶的僵尸类型
 </summary>
</member>
<member name="P:PVZClass.PVZ.Vase.Plant">
 <summary>
 设置或获取植物花瓶的植物类型
 </summary>
</member>
<member name="P:PVZClass.PVZ.Vase.Content">
 <summary>
 设置或获取花瓶的内容类型
 </summary>
</member>
<member name="P:PVZClass.PVZ.Vase.MouseEnter">
 <summary>
 鼠标是否悬停在花瓶上
 </summary>
</member>
<member name="P:PVZClass.PVZ.Vase.TransparentCountDown">
 <summary>
 设置或获取花瓶的透视倒计时
 </summary>
</member>
<member name="P:PVZClass.PVZ.Vase.Sun">
 <summary>
 设置或获取阳光花瓶的阳光个数
 </summary>
</member>
<member name="T:PVZClass.PVZ.MouseType">
 <summary>
 鼠标指针类型枚举
 </summary>
</member>
<member name="T:PVZClass.PVZ.MousePointer">
 <summary>
 鼠标对象(游戏内的鼠标对象)
 </summary>
</member>
<member name="P:PVZClass.PVZ.MousePointer.BaseAddress">
 <summary>
 鼠标对象的指针
 </summary>
</member>
<member name="P:PVZClass.PVZ.MousePointer.Index">
 <summary>
 设置或获取鼠标当前拿的卡片的索引
 </summary>
</member>
<member name="P:PVZClass.PVZ.MousePointer.CardType">
 <summary>
 设置或获取鼠标当前拿的卡片的类型
 </summary>
</member>
<member name="P:PVZClass.PVZ.MousePointer.ImitativeCardType">
 <summary>
 设置或获取鼠标当前拿的卡片是否为模仿者
 </summary>
</member>
<member name="P:PVZClass.PVZ.MousePointer.Type">
 <summary>
 设置或获取鼠标类型
 </summary>
</member>
<member name="P:PVZClass.PVZ.MousePointer.Row">
 <summary>
 鼠标所在行
 </summary>
</member>
<member name="P:PVZClass.PVZ.MousePointer.Column">
 <summary>
 鼠标所在列
 </summary>
</member>
<member name="T:PVZClass.PVZ.CaptionStyle">
 <summary>
 文本字幕的样式枚举
 </summary>
</member>
<member name="T:PVZClass.PVZ.Caption">
 <summary>
 文本字幕对象
 </summary>
</member>
<member name="P:PVZClass.PVZ.Caption.BaseAddress">
 <summary>
 对象指针
 </summary>
</member>
<member name="P:PVZClass.PVZ.Caption.Text">
 <summary>
 文本字幕的文本内容
 </summary>
</member>
<member name="P:PVZClass.PVZ.Caption.DisappearCountdown">
 <summary>
 设置或获取文本字幕的消失倒计时
 </summary>
</member>
<member name="P:PVZClass.PVZ.Caption.Style">
 <summary>
 文本字幕的样式
 </summary>
</member>
<member name="T:PVZClass.PVZ.CardType">
 <summary>
 卡片类型枚举
 </summary>
</member>
<member name="T:PVZClass.PVZ.CardSlot">
 <summary>
 卡槽对象
 </summary>
</member>
<member name="P:PVZClass.PVZ.CardSlot.BaseAddress">
 <summary>
 对象指针
 </summary>
</member>
<member name="P:PVZClass.PVZ.CardSlot.X">
 <summary>
 设置或获取卡槽整体的横坐标
 </summary>
</member>
<member name="P:PVZClass.PVZ.CardSlot.Y">
 <summary>
 设置或获取卡槽整体的纵坐标
 </summary>
</member>
<member name="P:PVZClass.PVZ.CardSlot.CollisionLength">
 <summary>
 设置或获取卡槽整体的判定长度
 </summary>
</member>
<member name="P:PVZClass.PVZ.CardSlot.Visible">
 <summary>
 设置或获取卡槽整体是否可见
 </summary>
</member>
<member name="P:PVZClass.PVZ.CardSlot.CardNum">
 <summary>
 获取卡槽的卡片数量
 </summary>
</member>
<member name="M:PVZClass.PVZ.CardSlot.SetCardNum(System.Int32)">
 <summary>
 设置卡槽格数
 </summary>
 <param name="Num">卡槽格数</param>
</member>
<member name="M:PVZClass.PVZ.CardSlot.GetCard(System.Int32)">
 <summary>
 取到一个卡片对象
 </summary>
 <param name="Num">要取的卡片的索引(从1开始)</param>
 <returns></returns>
</member>
<member name="T:PVZClass.PVZ.CardSlot.SeedCard">
 <summary>
 卡片对象
 </summary>
</member>
<member name="F:PVZClass.PVZ.CardSlot.SeedCard.BaseAddress">
 <summary>
 对象指针
 </summary>
</member>
<member name="M:PVZClass.PVZ.CardSlot.SeedCard.#ctor(System.Int32)">
 <summary>
 通过卡片对象的指针,新建一个卡片对象
 </summary>
 <param name="Address">卡片对象的指针</param>
</member>
<member name="P:PVZClass.PVZ.CardSlot.SeedCard.X">
 <summary>
 设置或获取卡片的横坐标
 </summary>
</member>
<member name="P:PVZClass.PVZ.CardSlot.SeedCard.Y">
 <summary>
 设置或获取卡片的纵坐标
 </summary>
</member>
<member name="P:PVZClass.PVZ.CardSlot.SeedCard.CollisionLength">
 <summary>
 设置或获取卡片的判定宽度
 </summary>
</member>
<member name="P:PVZClass.PVZ.CardSlot.SeedCard.CollisionHeight">
 <summary>
 设置或获取卡片的判定高度
 </summary>
</member>
<member name="P:PVZClass.PVZ.CardSlot.SeedCard.Visible">
 <summary>
 设置或获取卡片是否可见
 </summary>
</member>
<member name="P:PVZClass.PVZ.CardSlot.SeedCard.CoolDown">
 <summary>
 设置或获取卡片的当前冷却时间
 </summary>
</member>
<member name="P:PVZClass.PVZ.CardSlot.SeedCard.CoolDownInterval">
 <summary>
 设置或获取卡片的冷却时间
 </summary>
</member>
<member name="P:PVZClass.PVZ.CardSlot.SeedCard.Index">
 <summary>
 设置或获取卡片在卡槽中的格数
 </summary>
</member>
<member name="P:PVZClass.PVZ.CardSlot.SeedCard.ConveyorBeltX">
 <summary>
 设置或获取卡片在传送带中的横坐标
 </summary>
</member>
<member name="P:PVZClass.PVZ.CardSlot.SeedCard.CardType">
 <summary>
 设置或获取卡片的类型
 </summary>
</member>
<member name="P:PVZClass.PVZ.CardSlot.SeedCard.ImitativeCardType">
 <summary>
 设置或获取模仿者植物卡片的类型
 </summary>
</member>
<member name="P:PVZClass.PVZ.CardSlot.SeedCard.SlotCountdown">
 <summary>
 设置或获取老虎机卡片停止倒计时
 </summary>
</member>
<member name="P:PVZClass.PVZ.CardSlot.SeedCard.SlotType">
 <summary>
 设置或获取老虎机的卡片类型
 </summary>
</member>
<member name="P:PVZClass.PVZ.CardSlot.SeedCard.SlotPosition">
 <summary>
 设置或获取老虎机卡片的位置
 </summary>
</member>
<member name="P:PVZClass.PVZ.CardSlot.SeedCard.Enable">
 <summary>
 设置或获取卡片是否可用
 </summary>
</member>
<member name="P:PVZClass.PVZ.CardSlot.SeedCard.Active">
 <summary>
 设置卡片可用
 </summary>
</member>
<member name="P:PVZClass.PVZ.CardSlot.SeedCard.UsageCount">
 <summary>
 卡片的使用次数
 </summary>
</member>
<member name="T:PVZClass.PVZ.Miscellaneous">
 <summary>
 杂项(宝石迷阵)对象
 </summary>
</member>
<member name="P:PVZClass.PVZ.Miscellaneous.BaseAddress">
 <summary>
 对象指针
 </summary>
</member>
<member name="P:PVZClass.PVZ.Miscellaneous.DragingPlant">
 <summary>
 是否在拖动植物
 </summary>
</member>
<member name="P:PVZClass.PVZ.Miscellaneous.DragingX">
 <summary>
 拖动的横坐标
 </summary>
</member>
<member name="P:PVZClass.PVZ.Miscellaneous.DragingY">
 <summary>
 拖动的纵坐标
 </summary>
</member>
<member name="M:PVZClass.PVZ.Miscellaneous.HaveCrater(System.Int32,System.Int32)">
 <summary>
 指定坐标的位置是否有有弹坑
 </summary>
 <param name="Row">行</param>
 <param name="Colnum">列</param>
 <returns></returns>
</member>
<member name="M:PVZClass.PVZ.Miscellaneous.SetCrater(System.Int32,System.Int32,System.Boolean)">
 <summary>
 设置/取消指定坐标弹坑
 </summary>
 <param name="Row">行</param>
 <param name="Colnum">列</param>
 <param name="Switch">是否设置弹坑,默认为设置弹坑</param>
</member>
<member name="P:PVZClass.PVZ.Miscellaneous.UpgradedRepeater">
 <summary>
 设置或获取是否升级了双重射手
 </summary>
</member>
<member name="P:PVZClass.PVZ.Miscellaneous.UpgradedFumeshroon">
 <summary>
 设置或获取是否升级了大喷菇
 </summary>
</member>
<member name="P:PVZClass.PVZ.Miscellaneous.UpgradedTallnut">
 <summary>
 设置或获取是否升级了高坚果
 </summary>
</member>
<member name="P:PVZClass.PVZ.Miscellaneous.AttributeCountdown">
 <summary>
 设置或获取关卡属性倒计时
 </summary>
</member>
<member name="P:PVZClass.PVZ.Miscellaneous.LevelProcess">
 <summary>
 设置或获取关卡进程
 </summary>
</member>
<member name="P:PVZClass.PVZ.Miscellaneous.Round">
 <summary>
 设置或获取当前关卡轮数
 </summary>
</member>
<member name="T:PVZClass.PVZ.AnimationModify">
 <summary>
 动画对象修改项枚举
 </summary>
</member>
<member name="F:PVZClass.PVZ.Animation.BaseAddress">
 <summary>
 对象指针
 </summary>
</member>
<member name="M:PVZClass.PVZ.Animation.#ctor(System.Int32)">
 <summary>
 新建一个动画对象,可以使用动画的ID或者对象指针
 </summary>
 <param name="AnimationIdOrAddress">动画的ID或者对象指针</param>
</member>
<member name="P:PVZClass.PVZ.Animation.CycleRate">
 <summary>
 设置或获取当前动画的图像,游戏从0到1变化,不断循环
 </summary>
</member>
<member name="P:PVZClass.PVZ.Animation.Speed">
 <summary>
 设置或获取动画的速度
 </summary>
</member>
<member name="P:PVZClass.PVZ.Animation.Exist">
 <summary>
 设置或获取动画是否存在
 </summary>
</member>
<member name="P:PVZClass.PVZ.Animation.StartFrame">
 <summary>
 设置或获取动画的起始帧
 </summary>
</member>
<member name="P:PVZClass.PVZ.Animation.FrameNum">
 <summary>
 设置或获取动画包含的帧数
 </summary>
</member>
<member name="P:PVZClass.PVZ.Animation.XScale">
 <summary>
 设置或获取动画的横向缩放比
 </summary>
</member>
<member name="P:PVZClass.PVZ.Animation.XSlant">
 <summary>
 设置或获取动画的横向倾斜度
 </summary>
</member>
<member name="P:PVZClass.PVZ.Animation.XOffset">
 <summary>
 设置或获取动画的横向位置偏移(应该不能设置)
 </summary>
</member>
<member name="P:PVZClass.PVZ.Animation.YScale">
 <summary>
 设置或获取动画的纵向缩放比
 </summary>
</member>
<member name="P:PVZClass.PVZ.Animation.YSlant">
 <summary>
 设置或获取动画的纵向倾斜度
 </summary>
</member>
<member name="P:PVZClass.PVZ.Animation.YOffset">
 <summary>
 设置或获取动画的纵向位置偏移(应该不能设置)
 </summary>
</member>
<member name="P:PVZClass.PVZ.Animation.Colour">
 <summary>
 设置或获取动画对象的颜色(包括透明度)
 </summary>
</member>
<member name="P:PVZClass.PVZ.Animation.CycleCount">
 <summary>
 设置或获取动画对象的循环播放次数
 </summary>
</member>
<member name="T:PVZClass.PVZ.Animation.PaintState">
 <summary>
 着色方式枚举
 </summary>
</member>
<member name="P:PVZClass.PVZ.Animation.Paint">
 <summary>
 设置或获取动画的着色方式
 </summary>
</member>
<member name="P:PVZClass.PVZ.Animation.Id">
 <summary>
 动画对象ID
 </summary>
</member>
<member name="M:PVZClass.PVZ.Animation.EnableModify(PVZClass.PVZ.AnimationModify)">
 <summary>
 启用修改项目,使某些属性可写,一旦启动一直生效,直到调用<see cref="M:PVZClass.PVZ.Animation.DisableModify"/>时停止
 </summary>
<param name="Modify">修改的项目，可用Or连接一次修改多个</param>
</member>
<member name="M:PVZClass.PVZ.Animation.DisableModify">
 <summary>
 恢复所有的修改项目
 </summary>
</member>
<member name="T:PVZClass.PVZ.SaveData">
 <summary>
 存档类(不完整)<para/>
 如果觉得有必要再叫我补完整吧
 </summary>
</member>
<member name="P:PVZClass.PVZ.SaveData.BaseAddress">
 <summary>
 对象指针
 </summary>
</member>
<member name="P:PVZClass.PVZ.SaveData.UserName">
 <summary>
 当前用户名字
 </summary>
</member>
<member name="P:PVZClass.PVZ.SaveData.UserSwitchCount">
 <summary>
 切换用户的次数
 </summary>
</member>
<member name="P:PVZClass.PVZ.SaveData.UserIndex">
 <summary>
 当前用户在所有用户中的索引
 </summary>
</member>
<member name="P:PVZClass.PVZ.SaveData.AdventureLevel">
 <summary>
 设置或获取冒险模式的关卡
 </summary>
</member>
<member name="P:PVZClass.PVZ.SaveData.Money">
 <summary>
 设置或获取金钱数
 </summary>
</member>
<member name="P:PVZClass.PVZ.SaveData.AdventureFinishCount">
 <summary>
 设置或获取冒险模式完成次数
 </summary>
</member>
<member name="P:PVZClass.PVZ.SaveData.TreeHight">
 <summary>
 设置或获取智慧树高度
 </summary>
</member>
<member name="M:PVZClass.PVZ.SaveData.HavePurpleCard(PVZClass.PVZ.CardType)">
 <summary>
 是否有指定的紫卡
 </summary>
 <param name="PurpleCard">要判断的紫卡</param>
</member>
<member name="M:PVZClass.PVZ.SaveData.SetPurpleCard(PVZClass.PVZ.CardType)">
 <summary>
 设置指定的紫卡
 </summary>
 <param name="PurpleCard">要判断的紫卡</param>
</member>
<member name="P:PVZClass.PVZ.SaveData.HaveImitater">
 <summary>
 设置或获取是否有模仿者
 </summary>
</member>
<member name="P:PVZClass.PVZ.SaveData.HaveGoldenWatering">
 <summary>
 设置或获取是否有黄金水壶
 </summary>
</member>
<member name="P:PVZClass.PVZ.SaveData.Fertilizer">
 <summary>
 设置或获取化肥数量,注意此值并非实际值
 </summary>
</member>
<member name="P:PVZClass.PVZ.SaveData.BugSpray">
 <summary>
 设置或获取杀虫剂数量,注意此值并非实际值
 </summary>
</member>
<member name="P:PVZClass.PVZ.SaveData.CardSlotNum">
 <summary>
 设置或获取购买卡槽的格数
 </summary>
</member>
<member name="P:PVZClass.PVZ.SaveData.Chocolate">
 <summary>
 设置或获取巧克力数量,注意此值并非实际值
 </summary>
</member>
<member name="P:PVZClass.PVZ.SaveData.TreeFood">
 <summary>
 设置或获取树肥数量,注意此值并非实际值
 </summary>
</member>
<member name="P:PVZClass.PVZ.SaveData.HaveWallnutFirstAid">
 <summary>
 设置或获取是否有结果包扎术
 </summary>
</member>
<member name="P:PVZClass.PVZ.SaveData.GardenPlantNum">
 <summary>
 花园植物数量
 </summary>
</member>
<member name="M:PVZClass.PVZ.SaveData.GetGardenPlant(System.Int32)">
 <summary>
 获得一个花园植物的对象
 </summary>
 <param name="Num">要获取的花园植物的序号</param>
</member>
<member name="T:PVZClass.PVZ.SaveData.GardenScene">
 <summary>
 花园植物位置枚举
 </summary>
</member>
<member name="T:PVZClass.PVZ.SaveData.GardenPlantDirection">
 <summary>
 花园植物方向枚举
 </summary>
</member>
<member name="T:PVZClass.PVZ.SaveData.GardenPlantState">
 <summary>
 花园植物状态枚举
 </summary>
</member>
<member name="T:PVZClass.PVZ.SaveData.GardenPlant">
 <summary>
 花园植物对象
 </summary>
</member>
<member name="F:PVZClass.PVZ.SaveData.GardenPlant.BaseAddress">
 <summary>
 对象指针
 </summary>
</member>
<member name="M:PVZClass.PVZ.SaveData.GardenPlant.#ctor(System.Int32)">
 <summary>
 通过花园植物的序号,新建一个花园植物对象
 </summary>
 <param name="Address">花园植物的序号</param>
</member>
<member name="P:PVZClass.PVZ.SaveData.GardenPlant.Type">
 <summary>
 设置或获取花园植物的类型
 </summary>
</member>
<member name="P:PVZClass.PVZ.SaveData.GardenPlant.Location">
 <summary>
 设置或获取花园植物的位置
 </summary>
</member>
<member name="P:PVZClass.PVZ.SaveData.GardenPlant.Row">
 <summary>
 设置或获取花园植物所在行
 </summary>
</member>
<member name="P:PVZClass.PVZ.SaveData.GardenPlant.Column">
 <summary>
 设置或获取花园植物所在列
 </summary>
</member>
<member name="P:PVZClass.PVZ.SaveData.GardenPlant.Direction">
 <summary>
 设置或获取花园植物的方向
 </summary>
</member>
<member name="P:PVZClass.PVZ.SaveData.GardenPlant.Colour">
 <summary>
 设置或获取花园植物的颜色(金盏花的颜色)
 </summary>
</member>
<member name="P:PVZClass.PVZ.SaveData.GardenPlant.State">
 <summary>
 设置或获取花园植物的状态
 </summary>
</member>
<member name="T:PVZClass.PVZ.MusicType">
 <summary>
 背景音乐类型枚举
 </summary>
</member>
<member name="T:PVZClass.PVZ.INGAMEState">
 <summary>
 背景音乐状态枚举
 </summary>
</member>
<member name="T:PVZClass.PVZ.INGAMEEffectState">
 <summary>
 背景音乐效果枚举
 </summary>
</member>
<member name="T:PVZClass.PVZ.Music">
 <summary>
 背景音乐对象
 </summary>
</member>
<member name="P:PVZClass.PVZ.Music.BaseAddress">
 <summary>
 对象指针
 </summary>
</member>
<member name="P:PVZClass.PVZ.Music.Type">
 <summary>
 设置或获取音乐类型
 </summary>
</member>
<member name="P:PVZClass.PVZ.Music.INGAMEEnable">
 <summary>
 设置或获取当前音乐是否可以开启INGAME
 </summary>
</member>
<member name="P:PVZClass.PVZ.Music.INGAMEStart">
 <summary>
 设置或获取当前音乐是否开启了INGAME模式
 </summary>
</member>
<member name="P:PVZClass.PVZ.Music.Tempo">
 <summary>
 当前音乐的BPM
 </summary>
</member>
<member name="P:PVZClass.PVZ.Music.TicksRow">
 <summary>
 当前音乐的速度
 </summary>
</member>
<member name="P:PVZClass.PVZ.Music.State">
 <summary>
 设置或获取当前音乐状态
 </summary>
</member>
<member name="P:PVZClass.PVZ.Music.AttributeCountdown">
 <summary>
 设置或获取当前音乐属性倒计时
 </summary>
</member>
<member name="P:PVZClass.PVZ.Music.EffectState">
 <summary>
 设置或获取当前音乐效果状态
 </summary>
</member>
<member name="T:PVZClass.PVZ.Bass_Dll">
 <summary>
 音乐库类(啥都没有)<para/>
 如果觉得有必要再叫我补完整吧
 </summary>
</member>
<member name="M:PVZClass.PVZ.Bass_Dll.MusicSetAttribute(System.Int32,System.Int32,System.Int32)">
 <summary>
 设置音乐属性<para/>
 </summary>
 <param name="HMUSIC">要设置的音乐</param>
 <param name="Attribute">属性值</param>
 <param name="Value">设置的数值</param>
</member>
<member name="P:PVZClass.PVZ.MainObjectExist">
 <summary>
 主要对象是否存在
 </summary>
</member>
<member name="P:PVZClass.PVZ.BaseAddress">
 <summary>
 主要对象的指针
 </summary>
</member>
<member name="P:PVZClass.PVZ.ViewX">
 <summary>
 设置或获取画面横坐标(向左递增,正常游戏时为0)
 </summary>
</member>
<member name="P:PVZClass.PVZ.ViewY">
 <summary>
 设置或获取画面纵坐标(向下递增,正常游戏时为0)
 </summary>
</member>
<member name="P:PVZClass.PVZ.ViewLength">
 <summary>
 设置或获取画面可点击的横坐标范围
 </summary>
</member>
<member name="P:PVZClass.PVZ.ViewHeight">
 <summary>
 设置或获取画面可点击的纵坐标范围
 </summary>
</member>
<member name="P:PVZClass.PVZ.GamePaused">
 <summary>
 游戏是否暂停
 </summary>
</member>
<member name="T:PVZClass.PVZ.LawnType">
 <summary>
 草地格子类型枚举
 </summary>
</member>
<member name="T:PVZClass.PVZ.RouteType">
 <summary>
 道路类型枚举
 </summary>
</member>
<member name="T:PVZClass.PVZ.Lawn">
 <summary>
 草地类
 </summary>
</member>
<member name="M:PVZClass.PVZ.Lawn.GetGridType(System.Int32,System.Int32)">
 <summary>
 获取指定位置的草地类型
 </summary>
 <param name="Row">行</param>
 <param name="Colnum">列</param>
</member>
<member name="M:PVZClass.PVZ.Lawn.SetGridType(System.Int32,System.Int32,PVZClass.PVZ.LawnType)">
 <summary>
 设置指定位置的草地类型
 </summary>
 <param name="Row">行</param>
 <param name="Colnum">列</param>
 <param name="Tyte">要设置的类型</param>
</member>
<member name="M:PVZClass.PVZ.Lawn.GetRouteType(System.Int32)">
 <summary>
 获取指定道路的类型
 </summary>
 <param name="Route">道路</param>
</member>
<member name="M:PVZClass.PVZ.Lawn.SetRouteType(System.Int32,PVZClass.PVZ.RouteType)">
 <summary>
 设置指定道路类型
 </summary>
 <param name="Route">要设置的道路</param>
 <param name="Type">要设置的类型</param>
</member>
<member name="T:PVZClass.PVZ.Icetrace">
 <summary>
 冰道类
 </summary>
</member>
<member name="M:PVZClass.PVZ.Icetrace.GetX(System.Int32)">
 <summary>
 获取指定道路的冰道横坐标
 </summary>
 <param name="Route">要获取的道路</param>
</member>
<member name="M:PVZClass.PVZ.Icetrace.SetX(System.Int32,System.Int32)">
 <summary>
 设置指定道路的冰道横坐标
 </summary>
 <param name="Route">要设置的道路</param>
 <param name="X">要设置的横坐标</param>
</member>
<member name="M:PVZClass.PVZ.Icetrace.GetDisapperaCountdown(System.Int32)">
 <summary>
 获取指定道路的冰道消失倒计时
 </summary>
 <param name="Route">要获取的道路</param>
</member>
<member name="M:PVZClass.PVZ.Icetrace.SetDisapperaCountdown(System.Int32,System.Int32)">
 <summary>
 设置指定道路的冰道消失倒计时
 </summary>
 <param name="Route">要设置的道路</param>
 <param name="DisappearCountdown">要设置的消失倒计时</param>
</member>
<member name="T:PVZClass.PVZ.ZombieList">
 <summary>
 僵尸出怪列表对象
 </summary>
</member>
<member name="T:PVZClass.PVZ.ZombieList.Wave">
 <summary>
 当前波的僵尸出怪对象
 </summary>
</member>
<member name="F:PVZClass.PVZ.ZombieList.Wave.BaseAddress">
 <summary>
 对象指针
 </summary>
</member>
<member name="M:PVZClass.PVZ.ZombieList.Wave.#ctor(System.Int32)">
 <summary>
 通过当前波的对象指针新建一个波的僵尸出怪对象
 </summary>
 <param name="Address">当前波的对象指针</param>
</member>
<member name="P:PVZClass.PVZ.ZombieList.Wave.All">
 <summary>
 设置或获得当前波的所有僵尸,返回一个数组
 </summary>
</member>
<member name="P:PVZClass.PVZ.ZombieList.Wave.Count">
 <summary>
 获得当前波的僵尸数量
 </summary>
</member>
<member name="M:PVZClass.PVZ.ZombieList.Wave.Add(PVZClass.PVZ.ZombieType)">
 <summary>
 添加一个僵尸到列表中
 </summary>
 <param name="Zombie">要添加的僵尸</param>
</member>
<member name="M:PVZClass.PVZ.ZombieList.Wave.Add(PVZClass.PVZ.ZombieType[])">
 <summary>
 添加多个僵尸到到列表中
 </summary>
 <param name="Zombie">要添加的僵尸数组</param>
</member>
<member name="M:PVZClass.PVZ.ZombieList.Wave.Del(System.Int32)">
 <summary>
 删除指定位置的僵尸
 </summary>
 <param name="Index">要删除的僵尸位置</param>
</member>
<member name="M:PVZClass.PVZ.ZombieList.Wave.Get­(System.Int32)">
 <summary>
 获得指定位置的僵尸
 </summary>
 <param name="Index">要删除的僵尸位置</param>
</member>
<member name="M:PVZClass.PVZ.ZombieList.Wave.Set­(System.Int32,PVZClass.PVZ.ZombieType)">
 <summary>
 设置指定位置的僵尸
 </summary>
 <param name="Index">要删除的僵尸位置</param>
</member>
<member name="M:PVZClass.PVZ.ZombieList.GetWave(System.Int32)">
 <summary>
 获得指定波的僵尸出怪列表
 </summary>
 <param name="Num">要获得的波数</param>
</member>
<member name="P:PVZClass.PVZ.ZombieSeed">
 <summary>
 获取僵尸出怪种子
 </summary>
</member>
<member name="P:PVZClass.PVZ.SunDropCountdown">
 <summary>
 设置或获取阳光掉落倒计时
 </summary>
</member>
<member name="P:PVZClass.PVZ.SunDropCount">
 <summary>
 设置或获取阳光掉落个数
 </summary>
</member>
<member name="M:PVZClass.PVZ.ViewShake(System.Int32,System.Int32)">
 <summary>
 引发一次屏幕震动
 </summary>
 <param name="LateralAmplitude">横向震动幅度,默认2</param>
 <param name="VerticalAmplitude">纵向震动幅度,默认4</param>
</member>
<member name="T:PVZClass.PVZ.SceneType">
 <summary>
 场景类型枚举
 </summary>
</member>
<member name="P:PVZClass.PVZ.Scene">
 <summary>
 设置或获取当前场景类型
 </summary>
</member>
<member name="P:PVZClass.PVZ.SixRoute">
 <summary>
 是否有6路地图
 </summary>
</member>
<member name="P:PVZClass.PVZ.RouteCount">
 <summary>
 获取地图有5路还是6路
 </summary>
</member>
<member name="P:PVZClass.PVZ.AdventureLevel">
 <summary>
 设置或获取冒险模式关卡
 </summary>
</member>
<member name="P:PVZClass.PVZ.Sun">
 <summary>
 设置或获取当前阳光数
 </summary>
</member>
<member name="P:PVZClass.PVZ.WaveNum">
 <summary>
 获取当前关卡波数
 </summary>
</member>
<member name="P:PVZClass.PVZ.RunningTime">
 <summary>
 获取当前关卡的游玩时间
 </summary>
</member>
<member name="M:PVZClass.PVZ.Assault">
 <summary>
 僵尸突袭(产生三人组)
 </summary>
</member>
<member name="P:PVZClass.PVZ.CurrentWave">
 <summary>
 当前所在波数
 </summary>
</member>
<member name="P:PVZClass.PVZ.RefreshedWave">
 <summary>
 已刷新的波数
 </summary>
</member>
<member name="P:PVZClass.PVZ.FirstLevelMsg">
 <summary>
 1-1提示
 </summary>
</member>
<member name="P:PVZClass.PVZ.RefreshHp">
 <summary>
 设置或获取达到刷新条件的血量
 </summary>
</member>
<member name="P:PVZClass.PVZ.CurrentWaveHp">
 <summary>
 本波总血量
 </summary>
</member>
<member name="P:PVZClass.PVZ.RefreshWaveCountdown">
 <summary>
 设置或获取下一波刷新僵尸倒计时
 </summary>
</member>
<member name="P:PVZClass.PVZ.RefreshHugeWaveCountdown">
 <summary>
 设置或获取下一波刷新僵尸倒计时初始值
 </summary>
</member>
<member name="P:PVZClass.PVZ.HaveShovel">
 <summary>
 设置或获取是否有铲子
 </summary>
</member>
<member name="P:PVZClass.PVZ.ExitingLevelCountDown">
 <summary>
 退出关卡倒计时
 </summary>
</member>
<member name="T:PVZClass.PVZ.DebugModeType">
 <summary>
 调试模式枚举
 </summary>
</member>
<member name="P:PVZClass.PVZ.DebugMode">
 <summary>
 设置或获取调试模式,只有英文版才可以使用这个属性
 </summary>
</member>
<member name="M:PVZClass.PVZ.Win">
 <summary>
 获胜(直接过关)
 </summary>
</member>
<member name="M:PVZClass.PVZ.SetCurrentWave(System.Int32)">
 <summary>
 设置当前所在波
 </summary>
 <param name="Wave">要设置的波数</param>
</member>
<member name="M:PVZClass.PVZ.Beep">
 <summary>
 发出提示音
 </summary>
</member>
<member name="P:PVZClass.PVZ.Mustache">
 <summary>
 设置或获取是否开启了Mustache模式
 </summary>
</member>
<member name="P:PVZClass.PVZ.Trickedout">
 <summary>
 设置或获取是否开启了Trickedout模式
 </summary>
</member>
<member name="P:PVZClass.PVZ.Future">
 <summary>
 设置或获取是否开启了Future模式
 </summary>
</member>
<member name="P:PVZClass.PVZ.Pinata">
 <summary>
 设置或获取是否开启了Pinata模式
 </summary>
</member>
<member name="P:PVZClass.PVZ.Dance">
 <summary>
 设置或获取是否开启了Dance模式
 </summary>
</member>
<member name="P:PVZClass.PVZ.Daisies">
 <summary>
 设置或获取是否开启了Daisies模式
 </summary>
</member>
<member name="P:PVZClass.PVZ.Sukhbir">
 <summary>
 设置或获取是否开启了Sukhbir模式
 </summary>
</member>
<member name="P:PVZClass.PVZ.EatenPlants">
 <summary>
 获得被吃掉的植物数
 </summary>
</member>
<member name="P:PVZClass.PVZ.ShoveledPlants">
 <summary>
 获得被铲掉的植物数
 </summary>
</member>
<member name="M:PVZClass.PVZ.BGRunable(System.Boolean)">
 <summary>
 设置后台运行
 </summary>
 <param name="Switch">开启还是关闭,默认开启</param>
</member>
<member name="M:PVZClass.PVZ.ShowHiddenLevel(System.Boolean)">
 <summary>
 显示隐藏关卡
 </summary>
 <param name="Switch">开启还是关闭,默认开启</param>
</member>
<member name="M:PVZClass.PVZ.EnablePortal(System.Boolean)">
 <summary>
 启动传送门,注意该方法会自动创建默认的传送门
 </summary>
 <param name="Switch">开启还是关闭,默认开启</param>
</member>
<member name="M:PVZClass.PVZ.FixPortal(System.Boolean)">
 <summary>
 固定传送门
 </summary>
 <param name="Switch">开启还是关闭,默认开启</param>
</member>
<member name="P:PVZClass.PVZ.SunMax">
 <summary>
 阳光上限
 </summary>
</member>
<member name="M:PVZClass.PVZ.NoUpperLimit(System.Boolean)">
 <summary>
 去除上限
 </summary>
 <param name="Switch">开启还是关闭,默认开启</param>
</member>
<member name="M:PVZClass.PVZ.OverlapPlanting(System.Boolean)">
 <summary>
 重叠放置
 </summary>
 <param name="Switch">开启还是关闭,默认开启</param>
</member>
<member name="M:PVZClass.PVZ.JumpLevel(System.Int32,System.Byte)">
 <summary>
 跳关
 </summary>
 <param name="advLevel">冒险模式关卡</param>
 <param name="gameLevel">其他关卡</param>
</member>
<member name="M:PVZClass.PVZ.IgnoreRes(System.Boolean)">
 <summary>
 无视资源
 </summary>
</member>
<member name="M:PVZClass.PVZ.NoCD(System.Boolean)">
 <summary>
 取消冷却
 </summary>
</member>
<member name="M:PVZClass.PVZ.ConveyorBeltNoDelay(System.Boolean)">
 <summary>
 传送带无延迟
 </summary>
</member>
<member name="M:PVZClass.PVZ.FullScreenFog(System.Boolean)">
 <summary>
 全屏浓雾
 </summary>
</member>
<member name="M:PVZClass.PVZ.BlockZombie(System.Boolean)">
 <summary>
 暂停僵尸刷新
 </summary>
</member>
<member name="M:PVZClass.PVZ.VasePerspect(System.Boolean)">
 <summary>
 罐子透视
 </summary>
</member>
<member name="M:PVZClass.PVZ.FogPerspect(System.Boolean)">
 <summary>
 浓雾透视
 </summary>
</member>
<member name="M:PVZClass.PVZ.LockShovel(System.Boolean)">
 <summary>
 锁定铲子
 </summary>
</member>
<member name="M:PVZClass.PVZ.AutoCollect(System.Boolean)">
 <summary>
 自动收集资源
 </summary>
</member>
<member name="M:PVZClass.PVZ.UnlockAllLevel(System.Boolean)">
 <summary>
 全模式解锁
 </summary>
</member>
<member name="M:PVZClass.PVZ.DaveSelectYourCard(System.Nullable{System.Boolean})">
 <summary>
 戴夫选卡
 </summary>
</member>
<member name="M:PVZClass.PVZ.BowlingMode(System.Boolean)">
 <summary>
 保龄球模式
 </summary>
</member>
<member name="M:PVZClass.PVZ.Rainning(System.Boolean)">
 <summary>
 下雨天
 </summary>
</member>
<member name="M:PVZClass.PVZ.DropCard(System.Boolean)">
 <summary>
 天上掉卡片
 </summary>
</member>
<member name="M:PVZClass.PVZ.Invisighoul(System.Nullable{System.Boolean})">
 <summary>
 隐形僵尸
 </summary>
</member>
<member name="M:PVZClass.PVZ.BeghouledTwist(System.Boolean)">
 <summary>
 宝石迷阵转转看
 </summary>
</member>
<member name="M:PVZClass.PVZ.LittleZombie(System.Boolean)">
 <summary>
 小僵尸
 </summary>
</member>
<member name="M:PVZClass.PVZ.ColumnLike(System.Boolean)">
 <summary>
 柱子一样
 </summary>
</member>
<member name="M:PVZClass.PVZ.ZombieQuick(System.Nullable{System.Boolean})">
 <summary>
 僵尸快跑
 </summary>
</member>
<member name="M:PVZClass.PVZ.WharkaZombie(System.Boolean)">
 <summary>
 锤僵尸
 </summary>
</member>
<member name="M:PVZClass.PVZ.HighGravity(System.Boolean)">
 <summary>
 地心引力
 </summary>
</member>
<member name="M:PVZClass.PVZ.ZombieDrillOut(System.Boolean)">
 <summary>
 地里冒僵尸
 </summary>
</member>
<member name="M:PVZClass.PVZ.GraveDanger(System.Boolean)">
 <summary>
 坟墓模式
 </summary>
</member>
<member name="M:PVZClass.PVZ.DarkStormyNight(System.Boolean)">
 <summary>
 黑暗暴风雨
 </summary>
</member>
<member name="M:PVZClass.PVZ.BungeeBlitz(System.Boolean)">
 <summary>
 蹦极闪电战
 </summary>
</member>
<member name="M:PVZClass.PVZ.EndlessMode(System.Boolean)">
 <summary>
 无尽模式
 </summary>
</member>
<member name="M:PVZClass.PVZ.PurpleSunRaise(System.Nullable{System.Boolean})">
 <summary>
 紫卡阳光增加
 </summary>
</member>
<member name="M:PVZClass.PVZ.AllPurpleCard(System.Boolean)">
 <summary>
 全部紫卡判定
 </summary>
</member>
<member name="M:PVZClass.PVZ.VaseCanBreak(System.Boolean)">
 <summary>
 砸罐子模式
 </summary>
</member>
<member name="M:PVZClass.PVZ.IZombieMode(System.Boolean)">
 <summary>
 我是僵尸模式
 </summary>
</member>
<member name="M:PVZClass.PVZ.PlantRollBlast(System.Nullable{System.Boolean})">
 <summary>
 植物被压炸
 </summary>
</member>
<member name="M:PVZClass.PVZ.PlantCanPutLadder(System.Nullable{System.Boolean})">
 <summary>
 植物可以搭梯
 </summary>
</member>
<member name="M:PVZClass.PVZ.MushroomNoSleep(System.Nullable{System.Boolean})">
 <summary>
 植物可以搭梯
 </summary>
</member>
<member name="M:PVZClass.PVZ.AllHypnoshroon(System.Nullable{System.Boolean})">
 <summary>
 植物魅惑菇
 </summary>
</member>
<member name="M:PVZClass.PVZ.AllTochwood(System.Boolean)">
 <summary>
 植物火炬
 </summary>
</member>
<member name="M:PVZClass.PVZ.AllTallNut(System.Nullable{System.Boolean})">
 <summary>
 植物高坚果
 </summary>
</member>
<member name="M:PVZClass.PVZ.AllPlantern(System.Nullable{System.Boolean})">
 <summary>
 植物路灯花
 </summary>
</member>
<member name="M:PVZClass.PVZ.NoCrater(System.Nullable{System.Boolean})">
 <summary>
 毁灭菇无痕
 </summary>
</member>
<member name="M:PVZClass.PVZ.StrongBlover(System.Boolean)">
 <summary>
 强力三叶草
 </summary>
</member>
<member name="M:PVZClass.PVZ.AllGarlic(System.Nullable{System.Boolean})">
 <summary>
 植物大蒜
 </summary>
</member>
<member name="M:PVZClass.PVZ.AllUmbrellaLeaf(System.Nullable{System.Boolean})">
 <summary>
 植物保护伞
 </summary>
</member>
<member name="M:PVZClass.PVZ.CattailNoWaste(System.Boolean)">
 <summary>
 香蒲子弹触碰伤害
 </summary>
</member>
<member name="M:PVZClass.PVZ.LockButter(System.Nullable{System.Boolean})">
 <summary>
 锁定黄油
 </summary>
</member>
<member name="M:PVZClass.PVZ.SuperBowling(System.Boolean)">
 <summary>
 超级保龄球
 </summary>
</member>
<member name="M:PVZClass.PVZ.PlantFaceLeft(System.Boolean)">
 <summary>
 植物反向攻击
 </summary>
</member>
<member name="M:PVZClass.PVZ.PlantForbidden(System.Boolean)">
 <summary>
 禁止种植植物
 </summary>
</member>
<member name="M:PVZClass.PVZ.PlantAlwaysFight(System.Nullable{System.Boolean})">
 <summary>
 植物持续攻击
 </summary>
</member>
<member name="M:PVZClass.PVZ.FullScreenBlast(System.Nullable{System.Boolean})">
 <summary>
 灰烬全屏
 </summary>
</member>
<member name="M:PVZClass.PVZ.FullScreenSquash(System.Nullable{System.Boolean})">
 <summary>
 倭瓜全屏
 </summary>
</member>
<member name="M:PVZClass.PVZ.FullScreenMagnetshroom(System.Nullable{System.Boolean})">
 <summary>
 磁力菇全屏
 </summary>
</member>
<member name="M:PVZClass.PVZ.FullScreenSputter(System.Nullable{System.Boolean})">
 <summary>
 溅射全屏
 </summary>
</member>
<member name="M:PVZClass.PVZ.IZPlantStyle(System.Nullable{System.Boolean})">
 <summary>
 IZ纸板样式
 </summary>
</member>
<member name="M:PVZClass.PVZ.ZombieInfinitePole(System.Boolean)">
 <summary>
 撑杆无限跳
 </summary>
</member>
<member name="M:PVZClass.PVZ.ErYeNoAngry(System.Boolean)">
 <summary>
 二爷不愤怒
 </summary>
</member>
<member name="M:PVZClass.PVZ.AllDancer(System.Boolean)">
 <summary>
 僵尸召唤舞伴
 </summary>
</member>
<member name="M:PVZClass.PVZ.AllDance(System.Boolean)">
 <summary>
 僵尸跳舞
 </summary>
</member>
<member name="M:PVZClass.PVZ.AllIceTrace(System.Boolean)">
 <summary>
 僵尸留冰道
 </summary>
</member>
<member name="M:PVZClass.PVZ.ZombieUniformSpeed(System.Boolean)">
 <summary>
 僵尸匀速前进
 </summary>
</member>
<member name="M:PVZClass.PVZ.JackNoBoom(System.Boolean)">
 <summary>
 小丑不炸
 </summary>
</member>
<member name="M:PVZClass.PVZ.BalloonBoom(System.Boolean)">
 <summary>
 气球自爆
 </summary>
</member>
<member name="M:PVZClass.PVZ.DiggerForword(System.Boolean)">
 <summary>
 矿工出土向前
 </summary>
</member>
<member name="M:PVZClass.PVZ.PogoNoPogo(System.Boolean)">
 <summary>
 跳跳无判定
 </summary>
</member>
<member name="M:PVZClass.PVZ.ZombieSpeedUp(System.Boolean)">
 <summary>
 僵尸速度加快
 </summary>
</member>
<member name="M:PVZClass.PVZ.ZombieSpeedUpUp(System.Boolean)">
 <summary>
 僵尸速度更快
 </summary>
</member>
<member name="M:PVZClass.PVZ.ZombieReverse(System.Boolean)">
 <summary>
 逆向僵尸
 </summary>
</member>
<member name="M:PVZClass.PVZ.InfiniteLadder(System.Boolean)">
 <summary>
 无限搭梯
 </summary>
</member>
<member name="M:PVZClass.PVZ.AllGargantuar(System.Boolean)">
 <summary>
 僵尸变巨人
 </summary>
</member>
<member name="M:PVZClass.PVZ.HRollAttack(System.Nullable{System.Boolean})">
 <summary>
 横向降维打击
 </summary>
</member>
<member name="M:PVZClass.PVZ.ZombieAllCollison(System.Boolean)">
 <summary>
 僵尸全屏判定
 </summary>
</member>
<member name="M:PVZClass.PVZ.ZombiePea(System.Boolean)">
 <summary>
 僵尸发射豌豆
 </summary>
</member>
<member name="M:PVZClass.PVZ.JalapenoNoBoom(System.Boolean)">
 <summary>
 辣椒不炸
 </summary>
</member>
<member name="M:PVZClass.PVZ.ZombieGatling(System.Boolean)">
 <summary>
 僵尸机枪豌豆
 </summary>
</member>
<member name="M:PVZClass.PVZ.IceProof(System.Boolean)">
 <summary>
 免疫减速
 </summary>
</member>
<member name="M:PVZClass.PVZ.ButterProof(System.Boolean)">
 <summary>
 免疫黄油
 </summary>
</member>
<member name="M:PVZClass.PVZ.MagnetProof(System.Boolean)">
 <summary>
 免疫磁力菇
 </summary>
</member>
<member name="M:PVZClass.PVZ.ZombieNoWork(System.Boolean)">
 <summary>
 僵尸不前进
 </summary>
</member>
<member name="M:PVZClass.PVZ.AppearNoLimit(System.Boolean)">
 <summary>
 无限制
 </summary>
</member>
<member name="M:PVZClass.PVZ.AppearVeryMuch(System.Boolean)">
 <summary>
 传送带
 </summary>
</member>
<member name="M:PVZClass.PVZ.AppearLikeColumn(System.Boolean)">
 <summary>
 柱子
 </summary>
</member>
<member name="M:PVZClass.PVZ.JackBetray(System.Boolean)">
 <summary>
 小丑反水
 </summary>
</member>
<member name="M:PVZClass.PVZ.AttackAccelerate(System.Boolean)">
 <summary>
 攻击加速
 </summary>
</member>
<member name="M:PVZClass.PVZ.AttackOverlap(System.Boolean)">
 <summary>
 攻击重叠
 </summary>
</member>
<member name="M:PVZClass.PVZ.AttackAddition(System.Boolean)">
 <summary>
 攻击额外
 </summary>
</member>
<member name="M:PVZClass.PVZ.MuitiAttack(System.Boolean)">
 <summary>
 攻击多元
 </summary>
</member>
<member name="M:PVZClass.PVZ.DefaultUnsodded(System.Boolean)">
 <summary>
 默认裸地
 </summary>
</member>
<member name="M:PVZClass.PVZ.UnsoddedAsRoof(System.Boolean)">
 <summary>
 裸地视作屋顶
 </summary>
</member>
<member name="M:PVZClass.PVZ.LockIcetrace(System.Boolean)">
 <summary>
 锁定冰道
 </summary>
</member>
<member name="M:PVZClass.PVZ.FixeItemValueCode(System.Boolean)">
 <summary>
 修正物品价值代码
 </summary>
</member>
<member name="M:PVZClass.PVZ.NoCoinDrop(System.Boolean)">
 <summary>
 不掉落物品
 </summary>
</member>
<member name="M:PVZClass.PVZ.CoinNoDisappear(System.Boolean)">
 <summary>
 物品不消失
 </summary>
</member>
<member name="M:PVZClass.PVZ.ConveyorBeltNeedSun(System.Boolean)">
 <summary>
 传送带需要阳光
 </summary>
</member>
<member name="M:PVZClass.PVZ.EnableCardLimit(System.Boolean)">
 <summary>
 启动卡片限制
 </summary>
</member>
<member name="M:PVZClass.PVZ.EnablePlantLineLimit(System.Boolean)">
 <summary>
 启动植物限制线
 </summary>
</member>
<member name="M:PVZClass.PVZ.EnableZombieLineLimit(System.Boolean)">
 <summary>
 启动僵尸放置限制线
 </summary>
</member>
<member name="M:PVZClass.PVZ.BucketheadWithScreenDoorZombie(System.Boolean)">
 <summary>
 铁桶铁门僵尸
 </summary>
</member>
</members>
</doc>
